open_time,open,high,low,close,volume
2026-02-08 18:30:00+00:00,168.9,169.46,168.77,169.1,27.42
2026-02-08 18:45:00+00:00,169.1,169.1,169.1,169.1,0.0
2026-02-08 19:00:00+00:00,169.1,169.1,169.1,169.1,0.0
2026-02-08 19:15:00+00:00,169.1,169.1,169.1,169.1,0.0
2026-02-08 19:30:00+00:00,169.1,169.1,168.79,168.79,5.91
2026-02-08 19:45:00+00:00,168.79,169.47,168.79,169.47,30.1
2026-02-08 20:00:00+00:00,169.47,169.47,168.54,168.54,1.62
2026-02-08 20:15:00+00:00,168.54,168.54,168.54,168.54,0.0
2026-02-08 20:30:00+00:00,168.54,168.71,168.54,168.71,4.74
2026-02-08 20:45:00+00:00,168.71,168.71,168.17,168.17,2.81
2026-02-08 21:00:00+00:00,168.17,168.17,168.06,168.12,2.18
2026-02-08 21:15:00+00:00,168.12,168.12,168.12,168.12,0.0
2026-02-08 21:30:00+00:00,168.12,168.43,167.94,167.94,10.26
2026-02-08 21:45:00+00:00,167.94,167.98,167.94,167.96,3.5
2026-02-08 22:00:00+00:00,167.96,167.96,167.69,167.7,31.42
2026-02-08 22:15:00+00:00,167.7,168.33,167.7,168.33,4.14
2026-02-08 22:30:00+00:00,168.33,168.33,167.98,168.12,4.57
2026-02-08 22:45:00+00:00,168.12,168.34,168.09,168.34,8.96
2026-02-08 23:00:00+00:00,168.34,170.74,168.34,168.91,200.42
2026-02-08 23:15:00+00:00,168.91,169.46,166.92,167.23,67.44
2026-02-08 23:30:00+00:00,167.23,167.66,166.24,166.67,77.86
2026-02-08 23:45:00+00:00,166.67,166.95,166.67,166.77,10.06
2026-02-09 00:00:00+00:00,166.77,167.5,166.77,167.5,8.85
2026-02-09 00:15:00+00:00,167.5,167.5,167.5,167.5,0.0
2026-02-09 00:30:00+00:00,167.5,167.5,167.0,167.02,3.6
2026-02-09 00:45:00+00:00,167.02,167.51,167.02,167.51,1.49
2026-02-09 01:00:00+00:00,167.51,167.7,166.45,166.83,48.52
2026-02-09 01:15:00+00:00,166.83,168.37,166.83,168.33,11.05
2026-02-09 01:30:00+00:00,168.33,168.33,166.86,166.86,59.96
2026-02-09 01:45:00+00:00,166.86,166.86,166.05,166.06,46.4
2026-02-09 02:00:00+00:00,166.06,166.3,165.81,166.26,8.64
2026-02-09 02:15:00+00:00,166.26,166.64,166.26,166.54,1.65
2026-02-09 02:30:00+00:00,166.54,167.48,166.54,167.48,4.24
2026-02-09 02:45:00+00:00,167.48,167.51,167.11,167.22,7.06
2026-02-09 03:00:00+00:00,167.22,167.52,167.09,167.43,7.07
2026-02-09 03:15:00+00:00,167.43,167.63,167.39,167.39,13.6
2026-02-09 03:30:00+00:00,167.39,167.89,167.39,167.89,14.4
2026-02-09 03:45:00+00:00,167.89,168.5,167.89,168.23,26.26
2026-02-09 04:00:00+00:00,168.23,168.45,168.11,168.24,21.62
2026-02-09 04:15:00+00:00,168.24,168.56,168.22,168.47,17.51
2026-02-09 04:30:00+00:00,168.47,168.47,168.04,168.08,18.31
2026-02-09 04:45:00+00:00,168.08,168.36,167.98,168.16,6.34
2026-02-09 05:00:00+00:00,168.16,168.16,167.63,167.66,15.95
2026-02-09 05:15:00+00:00,167.66,168.03,167.66,168.03,4.35
2026-02-09 05:30:00+00:00,168.03,168.22,167.83,167.83,7.51
2026-02-09 05:45:00+00:00,167.83,168.14,167.83,168.03,11.95
2026-02-09 06:00:00+00:00,168.03,168.16,167.47,167.9,12.61
2026-02-09 06:15:00+00:00,167.9,167.9,166.65,166.65,13.0
2026-02-09 06:30:00+00:00,166.65,167.07,166.65,167.07,20.98
2026-02-09 06:45:00+00:00,167.07,167.08,166.82,167.08,7.16
2026-02-09 07:00:00+00:00,167.08,167.08,166.8,166.91,11.1
2026-02-09 07:15:00+00:00,166.91,167.32,166.91,167.08,6.19
2026-02-09 07:30:00+00:00,167.08,167.21,166.96,167.01,14.58
2026-02-09 07:45:00+00:00,167.01,167.01,166.61,166.61,2.29
2026-02-09 08:00:00+00:00,166.61,166.61,166.44,166.57,1.6
2026-02-09 08:15:00+00:00,166.57,166.57,166.52,166.52,2.51
2026-02-09 08:30:00+00:00,166.52,166.52,164.03,165.0,28.96
2026-02-09 08:45:00+00:00,165.0,165.0,164.81,164.81,3.2
2026-02-09 09:00:00+00:00,164.81,165.32,164.7,165.27,20.69
2026-02-09 09:15:00+00:00,165.27,165.27,164.14,164.14,6.83
2026-02-09 09:30:00+00:00,164.14,164.23,163.11,163.11,25.74
2026-02-09 09:45:00+00:00,163.11,163.43,163.11,163.33,3.36
2026-02-09 10:00:00+00:00,163.33,163.33,162.6,163.11,6.88
2026-02-09 10:15:00+00:00,163.11,163.11,161.52,161.52,33.58
2026-02-09 10:30:00+00:00,161.52,161.73,160.24,160.24,28.13
2026-02-09 10:45:00+00:00,160.24,161.82,160.24,161.82,49.07
2026-02-09 11:00:00+00:00,161.82,161.96,161.51,161.62,5.98
2026-02-09 11:15:00+00:00,161.62,161.62,161.29,161.29,1.45
2026-02-09 11:30:00+00:00,161.29,161.41,161.29,161.41,0.49
2026-02-09 11:45:00+00:00,161.41,161.43,161.41,161.43,3.02
2026-02-09 12:00:00+00:00,161.43,162.7,161.25,162.61,24.65
2026-02-09 12:15:00+00:00,162.61,162.74,162.11,162.36,64.96
2026-02-09 12:30:00+00:00,162.36,162.77,162.34,162.68,25.22
2026-02-09 12:45:00+00:00,162.68,162.77,162.32,162.67,25.09
2026-02-09 13:00:00+00:00,162.67,163.13,162.67,163.1,22.98
2026-02-09 13:15:00+00:00,163.1,163.24,162.13,162.13,39.71
2026-02-09 13:30:00+00:00,162.13,162.13,161.36,161.76,114.06
2026-02-09 13:45:00+00:00,161.76,162.07,161.4,161.83,46.05
2026-02-09 14:00:00+00:00,161.83,161.88,160.26,160.29,114.22
2026-02-09 14:15:00+00:00,160.29,160.7,159.79,160.55,155.91
2026-02-09 14:30:00+00:00,160.55,164.08,159.5,163.65,4328.89
2026-02-09 14:45:00+00:00,163.65,164.48,163.2,164.11,1095.54
2026-02-09 15:00:00+00:00,164.11,165.92,164.03,165.1,1334.01
2026-02-09 15:15:00+00:00,165.1,165.73,163.89,163.9,338.45
2026-02-09 15:30:00+00:00,163.9,166.41,163.63,165.82,863.36
2026-02-09 15:45:00+00:00,165.82,166.82,165.11,166.38,630.58
2026-02-09 16:00:00+00:00,166.38,166.81,164.99,165.26,604.25
2026-02-09 16:15:00+00:00,165.26,165.78,164.94,165.73,396.34
2026-02-09 16:30:00+00:00,165.73,165.97,165.39,165.97,403.78
2026-02-09 16:45:00+00:00,165.97,166.49,165.66,166.22,238.0
2026-02-09 17:00:00+00:00,166.22,166.64,165.34,165.62,384.31
2026-02-09 17:15:00+00:00,165.62,165.86,165.41,165.57,453.46
2026-02-09 17:30:00+00:00,165.57,167.37,165.57,167.0,386.5
2026-02-09 17:45:00+00:00,167.0,167.22,166.4,166.43,169.33
2026-02-09 18:00:00+00:00,166.43,167.15,166.12,166.52,211.61
2026-02-09 18:15:00+00:00,166.52,166.52,164.45,165.28,688.7
2026-02-09 18:30:00+00:00,165.28,165.84,164.59,165.65,516.38
2026-02-09 18:45:00+00:00,165.65,165.72,164.87,165.4,214.49
2026-02-09 19:00:00+00:00,165.4,166.07,165.01,166.04,202.36
2026-02-09 19:15:00+00:00,166.04,166.71,165.95,166.71,315.88
2026-02-09 19:30:00+00:00,166.71,167.08,166.45,166.58,194.65
2026-02-09 19:45:00+00:00,166.58,166.75,166.01,166.14,189.18
2026-02-09 20:00:00+00:00,166.14,166.85,165.84,166.63,212.15
2026-02-09 20:15:00+00:00,166.63,167.08,166.29,166.58,150.59
2026-02-09 20:30:00+00:00,166.58,167.69,166.48,167.69,165.64
2026-02-09 20:45:00+00:00,167.69,167.75,167.38,167.48,462.18
2026-02-09 21:00:00+00:00,167.48,167.9,167.29,167.32,100.92
2026-02-09 21:15:00+00:00,167.32,167.32,167.19,167.19,22.64
2026-02-09 21:30:00+00:00,167.19,167.19,166.76,166.83,72.35
2026-02-09 21:45:00+00:00,166.83,166.84,166.48,166.84,77.36
2026-02-09 22:00:00+00:00,166.84,167.09,166.84,167.09,1.6
2026-02-09 22:15:00+00:00,167.09,167.09,167.09,167.09,0.0
2026-02-09 22:30:00+00:00,167.09,167.47,167.09,167.47,2.16
2026-02-09 22:45:00+00:00,167.47,168.0,167.47,167.87,7.71
2026-02-09 23:00:00+00:00,167.87,167.87,167.52,167.55,5.44
2026-02-09 23:15:00+00:00,167.55,167.55,167.38,167.38,0.7
2026-02-09 23:30:00+00:00,167.38,167.74,167.38,167.59,4.34
2026-02-09 23:45:00+00:00,167.59,167.76,167.44,167.57,63.62
2026-02-10 00:00:00+00:00,167.57,167.64,167.19,167.29,17.28
2026-02-10 00:15:00+00:00,167.29,167.38,167.21,167.21,21.83
2026-02-10 00:30:00+00:00,167.21,167.35,167.05,167.05,8.02
2026-02-10 00:45:00+00:00,167.05,167.05,166.87,166.91,8.43
2026-02-10 01:00:00+00:00,166.91,167.15,166.4,166.87,7.84
2026-02-10 01:15:00+00:00,166.87,167.02,166.87,167.02,0.34
2026-02-10 01:30:00+00:00,167.02,167.22,167.02,167.2,2.23
2026-02-10 01:45:00+00:00,167.2,167.69,167.2,167.25,4.34
2026-02-10 02:00:00+00:00,167.25,167.25,167.0,167.0,1.0
2026-02-10 02:15:00+00:00,167.0,167.3,167.0,167.28,2.12
2026-02-10 02:30:00+00:00,167.28,167.28,167.28,167.28,0.0
2026-02-10 02:45:00+00:00,167.28,167.28,166.87,166.99,1.69
2026-02-10 03:00:00+00:00,166.99,166.99,166.67,166.67,0.69
2026-02-10 03:15:00+00:00,166.67,167.34,166.16,166.24,24.85
2026-02-10 03:30:00+00:00,166.24,166.24,165.4,165.82,102.19
2026-02-10 03:45:00+00:00,165.82,165.86,165.64,165.86,7.86
2026-02-10 04:00:00+00:00,165.86,165.86,165.86,165.86,0.0
2026-02-10 04:15:00+00:00,165.86,166.26,165.86,166.16,2.18
2026-02-10 04:30:00+00:00,166.16,166.2,166.02,166.02,2.0
2026-02-10 04:45:00+00:00,166.02,166.19,166.02,166.19,2.0
2026-02-10 05:00:00+00:00,166.19,166.37,166.19,166.37,1.58
2026-02-10 05:15:00+00:00,166.37,166.37,166.37,166.37,0.0
2026-02-10 05:30:00+00:00,166.37,166.37,165.9,166.14,0.11
2026-02-10 05:45:00+00:00,166.14,166.14,165.5,165.5,4.14
2026-02-10 06:00:00+00:00,165.5,165.71,165.5,165.58,5.0
2026-02-10 06:15:00+00:00,165.58,165.58,164.99,165.11,3.79
2026-02-10 06:30:00+00:00,165.11,165.23,164.98,164.98,2.92
2026-02-10 06:45:00+00:00,164.98,164.98,164.98,164.98,0.0
2026-02-10 07:00:00+00:00,164.98,164.98,164.47,164.47,8.54
2026-02-10 07:15:00+00:00,164.47,165.0,164.47,165.0,1.33
2026-02-10 07:30:00+00:00,165.0,165.0,164.74,164.88,2.92
2026-02-10 07:45:00+00:00,164.88,165.05,164.79,165.05,8.7
2026-02-10 08:00:00+00:00,165.05,165.09,164.82,164.82,7.44
2026-02-10 08:15:00+00:00,164.82,166.08,164.81,165.08,43.65
2026-02-10 08:30:00+00:00,165.08,165.08,165.08,165.08,0.0
2026-02-10 08:45:00+00:00,165.08,165.08,164.86,164.91,2.11
2026-02-10 09:00:00+00:00,164.91,165.87,164.91,165.81,33.08
2026-02-10 09:15:00+00:00,165.81,166.2,165.81,166.2,4.54
2026-02-10 09:30:00+00:00,166.2,166.32,166.12,166.12,4.2
2026-02-10 09:45:00+00:00,166.12,166.12,165.98,165.98,0.04
2026-02-10 10:00:00+00:00,165.98,165.98,165.33,165.33,0.5
2026-02-10 10:15:00+00:00,165.33,165.33,165.33,165.33,0.0
2026-02-10 10:30:00+00:00,165.33,165.33,165.33,165.33,0.0
2026-02-10 10:45:00+00:00,165.33,165.33,165.09,165.25,14.17
2026-02-10 11:00:00+00:00,165.25,165.25,165.14,165.14,0.92
2026-02-10 11:15:00+00:00,165.14,165.58,164.82,165.34,31.4
2026-02-10 11:30:00+00:00,165.34,165.34,165.34,165.34,0.0
2026-02-10 11:45:00+00:00,165.34,165.34,164.26,164.7,18.85
2026-02-10 12:00:00+00:00,164.7,164.83,164.7,164.83,1.21
2026-02-10 12:15:00+00:00,164.83,164.92,164.75,164.88,5.99
2026-02-10 12:30:00+00:00,164.88,164.99,164.88,164.99,3.05
2026-02-10 12:45:00+00:00,164.99,164.99,164.0,164.06,3.47
2026-02-10 13:00:00+00:00,164.06,164.06,162.88,163.42,38.96
2026-02-10 13:15:00+00:00,163.42,164.19,163.28,163.66,35.12
2026-02-10 13:30:00+00:00,163.66,164.46,163.6,164.05,16.62
2026-02-10 13:45:00+00:00,164.05,164.78,164.05,164.77,192.67
2026-02-10 14:00:00+00:00,164.77,165.01,164.27,164.27,103.09
2026-02-10 14:15:00+00:00,164.27,165.35,163.46,163.46,256.28
2026-02-10 14:30:00+00:00,163.46,165.78,162.41,165.1,879.33
2026-02-10 14:45:00+00:00,165.1,165.1,163.81,164.43,78.76
2026-02-10 15:00:00+00:00,164.43,166.0,163.34,163.35,306.05
2026-02-10 15:15:00+00:00,163.35,165.71,163.35,165.65,378.85
2026-02-10 15:30:00+00:00,165.65,167.57,165.53,166.72,720.63
2026-02-10 15:45:00+00:00,166.72,167.44,165.4,167.25,470.48
2026-02-10 16:00:00+00:00,167.25,168.15,167.06,167.86,177.55
2026-02-10 16:15:00+00:00,167.86,167.86,166.11,166.7,292.46
2026-02-10 16:30:00+00:00,166.7,167.27,166.37,166.43,184.42
2026-02-10 16:45:00+00:00,166.43,166.62,166.04,166.19,329.15
2026-02-10 17:00:00+00:00,166.19,166.21,165.74,166.08,142.54
2026-02-10 17:15:00+00:00,166.08,166.42,165.72,165.72,54.86
2026-02-10 17:30:00+00:00,165.72,166.81,165.57,166.59,66.45
2026-02-10 17:45:00+00:00,166.59,166.72,166.0,166.13,101.81
2026-02-10 18:00:00+00:00,166.13,166.48,165.07,165.17,66.98
2026-02-10 18:15:00+00:00,165.17,165.17,163.57,163.57,97.7
2026-02-10 18:30:00+00:00,163.57,164.12,163.5,164.11,79.65
2026-02-10 18:45:00+00:00,164.11,164.61,163.39,164.22,213.55
2026-02-10 19:00:00+00:00,164.22,164.79,163.8,164.79,279.13
2026-02-10 19:15:00+00:00,164.79,165.27,164.37,165.26,75.54
2026-02-10 19:30:00+00:00,165.26,165.91,165.08,165.13,164.97
2026-02-10 19:45:00+00:00,165.13,165.13,164.52,164.57,54.26
2026-02-10 20:00:00+00:00,164.57,164.84,164.01,164.05,190.09
2026-02-10 20:15:00+00:00,164.05,164.32,164.05,164.24,11.5
2026-02-10 20:45:00+00:00,164.05,164.25,163.0,163.0,20.15
2026-02-10 21:00:00+00:00,163.0,163.26,160.44,161.03,279.23
2026-02-10 21:15:00+00:00,161.03,161.2,160.69,160.87,35.06
2026-02-10 21:30:00+00:00,160.87,160.87,159.03,159.35,12.88
2026-02-10 21:45:00+00:00,159.35,160.2,159.35,159.99,43.66
2026-02-10 22:00:00+00:00,159.99,160.26,159.66,160.26,77.76
2026-02-10 22:15:00+00:00,160.26,160.36,160.11,160.33,31.04
2026-02-10 22:30:00+00:00,160.33,160.61,160.33,160.61,0.06
2026-02-10 22:45:00+00:00,160.61,160.96,160.61,160.96,51.31
2026-02-10 23:00:00+00:00,160.96,160.96,160.51,160.59,14.01
2026-02-10 23:15:00+00:00,160.59,160.6,160.21,160.21,77.73
2026-02-10 23:30:00+00:00,160.21,160.61,160.21,160.61,0.62
2026-02-10 23:45:00+00:00,160.61,161.35,160.56,161.35,9.82
2026-02-11 00:00:00+00:00,161.35,161.35,160.46,161.26,46.16
2026-02-11 00:15:00+00:00,161.26,161.27,161.11,161.13,25.01
2026-02-11 00:30:00+00:00,161.13,161.62,161.13,161.42,0.54
2026-02-11 00:45:00+00:00,161.42,161.62,161.15,161.4,40.25
2026-02-11 01:00:00+00:00,161.4,162.7,161.4,161.93,76.18
2026-02-11 01:15:00+00:00,161.93,162.44,161.69,161.69,9.0
2026-02-11 01:30:00+00:00,161.69,161.82,161.69,161.82,0.01
2026-02-11 01:45:00+00:00,161.82,161.82,161.82,161.82,0.0
2026-02-11 02:00:00+00:00,161.82,161.82,161.26,161.26,2.82
2026-02-11 02:15:00+00:00,161.26,161.79,161.25,161.26,4.44
2026-02-11 02:30:00+00:00,161.26,161.26,161.15,161.15,1.69
2026-02-11 02:45:00+00:00,161.15,161.15,159.9,160.79,43.95
2026-02-11 03:00:00+00:00,160.79,160.79,160.59,160.59,2.47
2026-02-11 03:15:00+00:00,160.59,160.59,160.17,160.37,12.34
2026-02-11 03:30:00+00:00,160.37,160.44,160.37,160.44,0.38
2026-02-11 03:45:00+00:00,160.44,161.0,160.44,160.44,28.22
2026-02-11 04:00:00+00:00,160.44,160.44,160.38,160.38,4.63
2026-02-11 04:15:00+00:00,160.38,160.66,159.37,159.37,72.7
2026-02-11 04:30:00+00:00,159.37,159.63,158.48,158.48,307.63
2026-02-11 04:45:00+00:00,158.48,160.83,157.7,159.31,690.85
2026-02-11 05:00:00+00:00,159.31,159.59,159.03,159.46,41.18
2026-02-11 05:15:00+00:00,159.46,159.73,159.14,159.73,39.75
2026-02-11 05:30:00+00:00,159.73,159.73,158.91,158.98,14.28
2026-02-11 05:45:00+00:00,158.98,159.5,158.9,159.22,1.27
2026-02-11 06:00:00+00:00,159.22,159.56,159.15,159.15,8.76
2026-02-11 06:15:00+00:00,159.15,159.15,157.23,158.26,315.44
2026-02-11 06:30:00+00:00,158.26,158.26,157.07,157.28,25.57
2026-02-11 06:45:00+00:00,157.28,157.7,156.55,157.29,81.95
2026-02-11 07:00:00+00:00,157.29,158.02,157.23,157.34,60.44
2026-02-11 07:15:00+00:00,157.34,158.04,157.16,157.91,100.54
2026-02-11 07:30:00+00:00,157.91,158.54,157.71,157.91,289.01
2026-02-11 07:45:00+00:00,157.91,158.33,157.9,157.99,11.47
2026-02-11 08:00:00+00:00,157.99,158.18,156.57,158.18,149.45
2026-02-11 08:15:00+00:00,158.18,158.18,158.07,158.07,0.31
2026-02-11 08:30:00+00:00,158.07,158.23,157.75,158.23,6.01
2026-02-11 08:45:00+00:00,158.23,158.23,158.1,158.1,12.4
2026-02-11 09:00:00+00:00,158.1,158.71,158.1,158.71,101.08
2026-02-11 09:15:00+00:00,158.71,158.71,158.36,158.46,3.31
2026-02-11 09:30:00+00:00,158.46,158.46,157.89,157.89,1.13
2026-02-11 09:45:00+00:00,157.89,157.89,157.89,157.89,0.0
2026-02-11 10:00:00+00:00,157.89,157.89,156.81,156.81,2.54
2026-02-11 10:15:00+00:00,156.81,157.12,156.81,157.12,13.54
2026-02-11 10:30:00+00:00,157.12,157.12,156.75,157.07,4.19
2026-02-11 10:45:00+00:00,157.07,157.07,156.54,156.54,33.54
2026-02-11 11:00:00+00:00,156.54,159.2,156.54,157.56,2552.89
2026-02-11 11:15:00+00:00,157.56,158.15,157.19,158.03,69.86
2026-02-11 11:30:00+00:00,158.03,158.03,157.82,157.99,34.34
2026-02-11 11:45:00+00:00,157.99,158.28,157.99,158.28,2.5
2026-02-11 12:00:00+00:00,158.28,158.37,157.79,158.37,5.16
2026-02-11 12:15:00+00:00,158.37,158.7,158.21,158.45,18.02
2026-02-11 12:30:00+00:00,158.45,158.69,158.44,158.44,7.27
2026-02-11 12:45:00+00:00,158.44,158.44,158.0,158.03,3.43
2026-02-11 13:00:00+00:00,158.03,159.53,157.59,158.53,168.34
2026-02-11 13:15:00+00:00,158.53,158.53,156.85,157.56,56.06
2026-02-11 13:30:00+00:00,157.56,159.11,157.49,157.69,63.32
2026-02-11 13:45:00+00:00,157.69,159.67,157.6,159.38,119.02
2026-02-11 14:00:00+00:00,159.38,161.81,159.23,160.91,308.38
2026-02-11 14:15:00+00:00,160.91,160.91,158.91,159.41,227.55
2026-02-11 14:30:00+00:00,159.41,159.41,154.81,156.17,1347.14
2026-02-11 14:45:00+00:00,156.17,156.78,152.95,153.14,1611.45
2026-02-11 15:00:00+00:00,153.14,153.5,151.57,152.74,283.95
2026-02-11 15:15:00+00:00,152.74,153.1,151.3,151.85,328.41
2026-02-11 15:30:00+00:00,151.85,153.16,151.5,153.16,260.57
2026-02-11 15:45:00+00:00,153.16,153.17,151.72,152.23,137.51
2026-02-11 16:00:00+00:00,152.23,153.42,151.83,153.22,725.75
2026-02-11 16:15:00+00:00,153.22,153.98,152.63,152.64,120.33
2026-02-11 16:30:00+00:00,152.64,153.07,152.09,152.28,261.5
2026-02-11 16:45:00+00:00,152.28,152.68,151.2,151.2,408.86
2026-02-11 17:00:00+00:00,151.2,151.27,150.45,150.64,92.12
2026-02-11 17:15:00+00:00,150.64,151.31,150.39,151.14,131.05
2026-02-11 17:30:00+00:00,151.14,151.14,150.4,150.76,159.35
2026-02-11 17:45:00+00:00,150.76,150.9,150.26,150.26,103.15
2026-02-11 18:00:00+00:00,150.26,150.26,149.64,150.08,82.21
2026-02-11 18:15:00+00:00,150.08,151.43,150.08,151.07,116.74
2026-02-11 18:30:00+00:00,151.07,151.21,150.45,151.12,25.12
2026-02-11 18:45:00+00:00,151.12,152.07,151.04,152.07,122.01
2026-02-11 19:00:00+00:00,152.07,153.02,151.7,153.02,108.72
2026-02-11 19:15:00+00:00,153.02,153.6,153.01,153.36,130.16
2026-02-11 19:30:00+00:00,153.36,153.77,152.52,153.69,51.39
2026-02-11 19:45:00+00:00,153.69,154.2,153.33,154.04,94.05
2026-02-11 20:00:00+00:00,154.04,154.17,153.29,153.84,83.7
2026-02-11 20:15:00+00:00,153.84,153.84,153.28,153.28,33.19
2026-02-11 20:30:00+00:00,153.28,154.0,152.88,153.97,98.67
2026-02-11 20:45:00+00:00,153.97,154.64,153.97,154.64,28.79
2026-02-11 21:00:00+00:00,154.64,155.11,153.7,154.73,31.99
2026-02-11 21:15:00+00:00,154.73,155.07,154.73,154.82,6.3
2026-02-11 21:30:00+00:00,154.82,155.2,154.45,154.45,5.89
2026-02-11 21:45:00+00:00,154.45,154.73,154.45,154.73,1.61
2026-02-11 22:00:00+00:00,154.73,154.73,153.59,153.59,1.76
2026-02-11 22:15:00+00:00,153.59,153.59,153.28,153.28,0.64
2026-02-11 22:30:00+00:00,153.28,154.05,153.28,153.54,34.48
2026-02-11 22:45:00+00:00,153.54,153.54,153.54,153.54,0.32
2026-02-11 23:00:00+00:00,153.54,153.57,153.54,153.57,5.28
2026-02-11 23:15:00+00:00,153.57,153.84,153.08,153.08,31.17
2026-02-11 23:30:00+00:00,153.08,153.15,153.05,153.06,11.56
2026-02-11 23:45:00+00:00,153.06,153.28,152.61,153.27,35.15
2026-02-12 00:00:00+00:00,153.27,153.27,152.64,152.65,9.89
2026-02-12 00:15:00+00:00,152.65,152.65,152.65,152.65,0.0
2026-02-12 00:30:00+00:00,152.65,152.88,152.65,152.88,6.2
2026-02-12 00:45:00+00:00,152.88,153.22,152.88,153.22,2.24
2026-02-12 01:00:00+00:00,153.22,153.67,152.35,152.78,809.81
2026-02-12 01:15:00+00:00,152.78,153.31,152.63,152.85,271.35
2026-02-12 01:30:00+00:00,152.85,153.99,152.85,153.71,150.6
2026-02-12 01:45:00+00:00,153.71,153.89,153.26,153.29,32.73
2026-02-12 02:00:00+00:00,153.29,153.5,152.85,152.85,41.25
2026-02-12 02:15:00+00:00,152.85,153.07,152.42,152.65,29.07
2026-02-12 02:30:00+00:00,152.65,153.08,152.65,153.08,3.42
2026-02-12 02:45:00+00:00,153.08,153.33,153.08,153.33,3.28
2026-02-12 03:00:00+00:00,153.33,153.33,152.91,152.99,17.56
2026-02-12 03:15:00+00:00,152.99,153.0,152.45,152.45,19.52
2026-02-12 03:30:00+00:00,152.45,153.03,152.27,152.42,61.24
2026-02-12 03:45:00+00:00,152.42,153.28,152.39,153.28,21.22
2026-02-12 04:00:00+00:00,153.28,153.28,152.71,152.85,19.25
2026-02-12 04:15:00+00:00,152.85,153.22,152.84,153.02,43.37
2026-02-12 04:30:00+00:00,153.02,153.02,152.74,152.9,3.6
2026-02-12 04:45:00+00:00,152.9,152.9,152.58,152.58,0.14
2026-02-12 05:00:00+00:00,152.58,152.58,152.45,152.49,30.88
2026-02-12 05:15:00+00:00,152.49,152.49,152.02,152.21,1.4
2026-02-12 05:30:00+00:00,152.21,152.22,152.03,152.22,4.32
2026-02-12 05:45:00+00:00,152.22,152.22,152.22,152.22,0.0
2026-02-12 06:00:00+00:00,152.22,152.22,152.22,152.22,0.0
2026-02-12 06:15:00+00:00,152.22,152.27,152.01,152.01,2.2
2026-02-12 06:30:00+00:00,152.01,152.01,152.01,152.01,0.0
2026-02-12 06:45:00+00:00,152.01,152.77,152.01,152.75,2.45
2026-02-12 07:00:00+00:00,152.75,152.75,152.21,152.21,15.4
2026-02-12 07:15:00+00:00,152.21,152.21,152.21,152.21,0.0
2026-02-12 07:30:00+00:00,152.21,152.58,152.21,152.58,0.66
2026-02-12 07:45:00+00:00,152.58,152.62,152.58,152.62,0.4
2026-02-12 08:00:00+00:00,152.62,152.62,152.34,152.34,7.12
2026-02-12 08:15:00+00:00,152.34,152.56,152.34,152.45,4.7
2026-02-12 08:30:00+00:00,152.45,152.45,151.78,152.07,6.13
2026-02-12 08:45:00+00:00,152.07,152.07,152.07,152.07,0.0
2026-02-12 09:00:00+00:00,152.07,153.02,152.07,153.02,5.24
2026-02-12 09:15:00+00:00,153.02,153.16,153.02,153.16,7.46
2026-02-12 09:30:00+00:00,153.16,153.23,153.16,153.23,9.47
2026-02-12 09:45:00+00:00,153.23,153.51,153.23,153.42,28.15
2026-02-12 10:00:00+00:00,153.42,153.71,153.35,153.69,34.77
2026-02-12 10:15:00+00:00,153.69,153.69,153.5,153.51,0.8
2026-02-12 10:30:00+00:00,153.51,153.9,153.51,153.89,14.29
2026-02-12 10:45:00+00:00,153.89,153.9,153.62,153.9,40.35
2026-02-12 11:00:00+00:00,153.9,154.09,153.43,153.85,173.29
2026-02-12 11:15:00+00:00,153.85,154.38,153.85,154.38,97.7
2026-02-12 11:30:00+00:00,154.38,154.5,154.02,154.02,44.88
2026-02-12 11:45:00+00:00,154.02,154.45,154.02,154.43,468.16
2026-02-12 12:00:00+00:00,154.43,154.43,153.88,154.27,192.84
2026-02-12 12:15:00+00:00,154.27,154.31,154.0,154.31,42.23
2026-02-12 12:30:00+00:00,154.31,154.31,150.99,152.95,1710.18
2026-02-12 12:45:00+00:00,152.95,153.3,152.71,152.84,133.28
2026-02-12 13:00:00+00:00,152.84,152.98,152.76,152.98,34.42
2026-02-12 13:15:00+00:00,152.98,153.13,152.8,152.8,16.74
2026-02-12 13:30:00+00:00,152.8,153.8,152.8,153.8,59.02
2026-02-12 13:45:00+00:00,153.8,154.0,153.46,154.0,6.54
2026-02-12 14:00:00+00:00,154.0,154.16,153.31,153.31,76.15
2026-02-12 14:15:00+00:00,153.31,153.65,152.95,153.2,535.03
2026-02-12 14:30:00+00:00,153.2,153.38,149.14,149.16,2832.4
2026-02-12 14:45:00+00:00,149.16,149.42,147.09,147.26,1763.39
2026-02-12 15:00:00+00:00,147.26,147.94,146.29,147.47,874.76
2026-02-12 15:15:00+00:00,147.47,148.18,146.86,147.09,874.6
2026-02-12 15:30:00+00:00,147.09,147.45,145.44,145.62,728.29
2026-02-12 15:45:00+00:00,145.62,145.84,144.59,144.6,578.58
2026-02-12 16:00:00+00:00,144.6,144.72,142.3,142.37,653.5
2026-02-12 16:15:00+00:00,142.37,142.71,140.83,140.86,613.63
2026-02-12 16:30:00+00:00,140.86,141.96,140.63,141.1,715.07
2026-02-12 16:45:00+00:00,141.1,141.22,140.32,140.99,573.84
2026-02-12 17:00:00+00:00,140.99,141.05,140.06,140.06,526.09
2026-02-12 17:15:00+00:00,140.06,141.49,139.58,140.87,540.4
2026-02-12 17:30:00+00:00,140.87,141.77,140.42,141.47,146.42
2026-02-12 17:45:00+00:00,141.47,141.48,139.98,140.07,206.82
2026-02-12 18:00:00+00:00,140.07,141.25,139.9,141.14,538.33
2026-02-12 18:15:00+00:00,141.14,141.41,140.19,140.72,974.63
2026-02-12 18:30:00+00:00,140.72,141.31,140.21,141.23,333.11
2026-02-12 18:45:00+00:00,141.23,141.56,140.4,140.82,477.87
2026-02-12 19:00:00+00:00,140.82,141.46,140.82,141.33,306.75
2026-02-12 19:15:00+00:00,141.33,142.22,141.33,141.75,261.57
2026-02-12 19:30:00+00:00,141.75,143.35,141.63,143.13,802.5
2026-02-12 19:45:00+00:00,143.13,143.88,142.39,142.56,834.1
2026-02-12 20:00:00+00:00,142.56,143.38,142.09,142.24,310.31
2026-02-12 20:15:00+00:00,142.24,142.27,141.43,141.48,513.36
2026-02-12 20:30:00+00:00,141.48,143.19,141.21,143.06,543.98
2026-02-12 20:45:00+00:00,143.06,143.06,141.25,141.28,1213.86
2026-02-12 21:00:00+00:00,141.28,143.27,134.9,142.2,11565.3
2026-02-12 21:15:00+00:00,142.2,143.57,139.45,142.11,7933.07
2026-02-12 21:30:00+00:00,142.11,149.01,142.11,146.68,738.24
2026-02-12 21:45:00+00:00,146.68,147.26,144.91,145.94,480.09
2026-02-12 22:00:00+00:00,145.94,146.1,142.77,143.29,308.78
2026-02-12 22:15:00+00:00,143.29,143.89,143.02,143.3,5.31
2026-02-12 22:30:00+00:00,143.3,145.97,143.04,145.36,128.99
2026-02-12 23:00:00+00:00,143.67,144.86,143.67,144.36,108.57
2026-02-12 23:15:00+00:00,144.36,144.9,144.3,144.57,62.36
2026-02-12 23:30:00+00:00,144.57,144.57,142.08,142.61,177.31
2026-02-12 23:45:00+00:00,142.61,143.12,142.61,142.79,17.82
2026-02-13 00:00:00+00:00,142.79,144.36,142.79,143.5,76.7
2026-02-13 00:15:00+00:00,143.5,143.5,143.39,143.39,4.59
2026-02-13 00:30:00+00:00,143.39,143.39,142.82,143.04,2.57
2026-02-13 00:45:00+00:00,143.04,143.04,142.51,142.77,4.31
2026-02-13 01:00:00+00:00,142.77,143.7,142.52,143.7,3.55
2026-02-13 01:15:00+00:00,143.7,144.24,143.7,143.94,0.3
2026-02-13 01:30:00+00:00,143.94,143.94,143.94,143.94,0.0
2026-02-13 01:45:00+00:00,143.94,145.41,143.94,144.84,15.1
2026-02-13 02:00:00+00:00,144.84,144.84,144.09,144.3,1.83
2026-02-13 02:15:00+00:00,144.3,144.3,144.07,144.07,0.3
2026-02-13 02:30:00+00:00,144.07,144.07,144.07,144.07,0.0
2026-02-13 02:45:00+00:00,144.07,144.55,144.07,144.34,25.08
2026-02-13 03:00:00+00:00,144.34,144.68,144.3,144.3,30.78
2026-02-13 03:15:00+00:00,144.3,144.45,144.07,144.07,17.41
2026-02-13 03:30:00+00:00,144.07,144.45,144.07,144.31,18.5
2026-02-13 03:45:00+00:00,144.31,144.31,143.44,143.44,15.23
2026-02-13 04:00:00+00:00,143.44,143.44,143.44,143.44,0.0
2026-02-13 04:15:00+00:00,143.44,143.9,143.44,143.9,1.8
2026-02-13 04:30:00+00:00,143.9,143.9,143.56,143.63,72.31
2026-02-13 04:45:00+00:00,143.63,143.63,143.23,143.23,12.18
2026-02-13 05:00:00+00:00,143.23,143.23,143.23,143.23,0.0
2026-02-13 05:15:00+00:00,143.23,143.23,142.59,142.59,14.63
2026-02-13 05:30:00+00:00,142.59,142.74,142.42,142.74,5.7
2026-02-13 05:45:00+00:00,142.74,142.99,142.74,142.79,10.61
2026-02-13 06:00:00+00:00,142.79,142.79,142.44,142.44,6.07
2026-02-13 06:15:00+00:00,142.44,143.12,142.43,142.43,9.78
2026-02-13 06:30:00+00:00,142.43,142.79,142.14,142.79,36.34
2026-02-13 06:45:00+00:00,142.79,142.79,142.34,142.73,4.93
2026-02-13 07:00:00+00:00,142.73,143.02,142.72,142.96,43.28
2026-02-13 07:15:00+00:00,142.96,143.99,142.96,143.99,17.2
2026-02-13 07:30:00+00:00,143.99,144.14,143.46,143.51,81.81
2026-02-13 07:45:00+00:00,143.51,143.61,143.42,143.43,26.34
2026-02-13 08:00:00+00:00,143.43,144.35,143.2,144.34,52.04
2026-02-13 08:15:00+00:00,144.34,144.83,143.88,144.65,33.15
2026-02-13 08:30:00+00:00,144.65,144.65,144.45,144.46,22.77
2026-02-13 08:45:00+00:00,144.46,145.2,144.46,145.2,33.27
2026-02-13 09:00:00+00:00,145.2,147.27,144.79,147.23,219.95
2026-02-13 09:15:00+00:00,147.23,149.55,147.23,149.52,335.93
2026-02-13 09:30:00+00:00,149.52,151.32,148.85,150.29,497.78
2026-02-13 09:45:00+00:00,150.29,150.97,149.75,149.8,151.05
2026-02-13 10:00:00+00:00,149.8,150.69,149.8,150.31,51.11
2026-02-13 10:15:00+00:00,150.31,151.26,150.31,151.26,163.12
2026-02-13 10:30:00+00:00,151.26,152.01,151.21,151.48,180.32
2026-02-13 10:45:00+00:00,151.48,151.6,151.06,151.06,18.32
2026-02-13 11:00:00+00:00,151.06,151.18,149.54,149.54,154.24
2026-02-13 11:15:00+00:00,149.54,150.07,149.0,149.18,77.22
2026-02-13 11:30:00+00:00,149.18,149.3,148.52,149.04,117.64
2026-02-13 11:45:00+00:00,149.04,149.56,148.79,149.15,58.13
2026-02-13 12:00:00+00:00,149.15,149.15,147.55,147.66,117.35
2026-02-13 12:15:00+00:00,147.66,148.67,147.54,148.51,77.57
2026-02-13 12:30:00+00:00,148.51,149.4,148.37,149.15,65.42
2026-02-13 12:45:00+00:00,149.15,149.61,148.6,148.7,50.74
2026-02-13 13:00:00+00:00,148.7,149.54,148.26,148.26,166.07
2026-02-13 13:15:00+00:00,148.26,150.77,148.21,150.47,201.56
2026-02-13 13:30:00+00:00,150.47,155.03,150.47,153.97,934.73
2026-02-13 13:45:00+00:00,153.97,155.16,152.92,154.7,753.39
2026-02-13 14:00:00+00:00,154.7,155.0,153.13,154.15,744.95
2026-02-13 14:15:00+00:00,154.15,156.05,153.46,154.08,719.75
2026-02-13 14:30:00+00:00,154.08,154.08,146.48,149.23,5230.83
2026-02-13 14:45:00+00:00,149.23,155.08,149.03,154.3,3655.66
2026-02-13 15:00:00+00:00,154.3,159.68,154.13,158.53,2710.56
2026-02-13 15:15:00+00:00,158.53,162.95,158.38,162.77,2902.07
2026-02-13 15:30:00+00:00,162.77,165.08,162.05,162.98,2392.55
2026-02-13 15:45:00+00:00,162.98,164.0,161.0,162.28,3221.71
2026-02-13 16:00:00+00:00,162.28,164.53,161.41,164.4,1908.89
2026-02-13 16:15:00+00:00,164.4,165.13,162.32,163.48,1887.99
2026-02-13 16:30:00+00:00,163.48,165.87,162.72,165.84,2114.86
2026-02-13 16:45:00+00:00,165.84,167.38,165.59,166.12,1224.31
2026-02-13 17:00:00+00:00,166.12,166.37,164.95,165.81,1239.82
2026-02-13 17:15:00+00:00,165.81,166.81,165.76,165.91,1067.6
2026-02-13 17:30:00+00:00,165.91,167.02,165.34,165.37,545.02
2026-02-13 17:45:00+00:00,165.37,166.03,164.86,165.14,478.96
2026-02-13 18:00:00+00:00,165.14,165.91,164.61,165.28,455.07
2026-02-13 18:15:00+00:00,165.28,166.17,164.35,164.7,892.12
2026-02-13 18:30:00+00:00,164.7,166.6,164.35,166.14,600.21
2026-02-13 18:45:00+00:00,166.14,166.9,165.91,166.61,354.52
2026-02-13 19:00:00+00:00,166.61,166.96,165.83,166.3,388.74
2026-02-13 19:15:00+00:00,166.3,167.76,166.05,166.52,455.01
2026-02-13 19:30:00+00:00,166.52,167.75,166.21,166.97,489.5
2026-02-13 19:45:00+00:00,166.97,167.47,165.92,166.38,402.66
2026-02-13 20:00:00+00:00,166.38,167.72,166.32,166.4,520.51
2026-02-13 20:15:00+00:00,166.4,167.8,165.51,166.26,839.64
2026-02-13 20:30:00+00:00,166.26,166.58,164.52,164.83,825.24
2026-02-13 20:45:00+00:00,164.83,165.08,163.78,164.46,1417.66
2026-02-13 21:00:00+00:00,164.46,166.93,164.29,164.48,420.67
2026-02-13 21:15:00+00:00,164.48,164.98,164.02,164.8,108.06
2026-02-13 21:30:00+00:00,164.8,165.06,164.68,165.02,77.43
2026-02-13 21:45:00+00:00,165.02,165.04,164.63,164.65,27.21
2026-02-13 22:00:00+00:00,164.65,165.05,164.53,164.98,12.87
2026-02-13 22:15:00+00:00,164.98,165.1,164.65,164.9,8.68
2026-02-13 22:30:00+00:00,164.9,165.12,164.56,165.04,13.24
2026-02-13 22:45:00+00:00,165.04,165.06,164.8,165.0,42.18
2026-02-13 23:00:00+00:00,165.0,165.13,164.78,164.78,27.37
2026-02-13 23:15:00+00:00,164.78,164.9,164.64,164.82,60.83
2026-02-13 23:30:00+00:00,164.82,165.16,164.65,164.72,15.32
2026-02-13 23:45:00+00:00,164.72,165.12,164.72,165.03,175.43
2026-02-14 00:00:00+00:00,165.03,165.34,164.78,165.31,29.6
2026-02-14 00:15:00+00:00,165.31,165.43,165.08,165.26,15.72
2026-02-14 00:30:00+00:00,165.26,165.71,165.26,165.71,98.37
2026-02-14 00:45:00+00:00,165.71,166.5,164.98,166.26,138.59
2026-02-14 01:00:00+00:00,166.26,166.26,165.32,165.43,21.3
2026-02-14 01:15:00+00:00,165.43,165.43,165.31,165.31,12.04
2026-02-14 01:30:00+00:00,165.31,166.01,165.31,166.01,5.31
2026-02-14 01:45:00+00:00,166.01,166.3,165.94,166.3,14.77
2026-02-14 02:00:00+00:00,166.3,166.3,165.56,165.57,18.93
2026-02-14 02:15:00+00:00,165.57,165.57,165.45,165.45,1.2
2026-02-14 02:30:00+00:00,165.45,166.22,165.45,166.12,20.54
2026-02-14 02:45:00+00:00,166.12,166.12,166.12,166.12,0.0
2026-02-14 03:00:00+00:00,166.12,166.12,166.04,166.04,2.25
2026-02-14 03:15:00+00:00,166.04,166.04,166.03,166.03,1.37
2026-02-14 03:30:00+00:00,166.03,166.03,165.19,165.66,50.52
2026-02-14 03:45:00+00:00,165.66,166.04,165.66,165.78,15.25
2026-02-14 04:00:00+00:00,165.78,166.01,165.7,165.7,4.91
2026-02-14 04:15:00+00:00,165.7,165.7,165.7,165.7,0.0
2026-02-14 04:30:00+00:00,165.7,165.7,165.7,165.7,0.0
2026-02-14 04:45:00+00:00,165.7,165.7,165.7,165.7,0.0
2026-02-14 05:00:00+00:00,165.7,165.7,165.59,165.59,1.2
2026-02-14 05:15:00+00:00,165.59,165.59,165.59,165.59,0.2
2026-02-14 05:30:00+00:00,165.59,165.94,165.59,165.94,1.08
2026-02-14 05:45:00+00:00,165.94,165.94,165.89,165.94,13.46
2026-02-14 06:00:00+00:00,165.94,165.94,165.4,165.4,1.88
2026-02-14 06:15:00+00:00,165.4,166.49,164.85,166.2,171.29
2026-02-14 06:30:00+00:00,166.2,166.24,165.88,166.21,2.18
2026-02-14 06:45:00+00:00,166.21,166.24,165.27,165.43,51.27
2026-02-14 07:00:00+00:00,165.43,166.08,165.3,166.08,21.7
2026-02-14 07:15:00+00:00,166.08,166.11,165.7,166.08,1.98
2026-02-14 07:30:00+00:00,166.08,166.37,165.72,165.77,21.85
2026-02-14 07:45:00+00:00,165.77,166.34,165.77,166.34,2.62
2026-02-14 08:00:00+00:00,166.34,166.55,166.17,166.54,16.71
2026-02-14 08:15:00+00:00,166.54,166.54,166.03,166.03,2.71
2026-02-14 08:30:00+00:00,166.03,166.38,166.03,166.38,1.15
2026-02-14 08:45:00+00:00,166.38,166.63,166.35,166.63,15.43
2026-02-14 09:00:00+00:00,166.63,166.79,166.33,166.67,79.86
2026-02-14 09:15:00+00:00,166.67,166.8,166.61,166.67,47.6
2026-02-14 09:30:00+00:00,166.67,166.72,165.58,166.63,91.42
2026-02-14 09:45:00+00:00,166.63,166.63,166.22,166.54,16.42
2026-02-14 10:00:00+00:00,166.54,166.79,165.98,166.46,52.5
2026-02-14 10:15:00+00:00,166.46,166.46,164.79,166.12,209.84
2026-02-14 10:30:00+00:00,166.12,166.25,166.11,166.25,12.08
2026-02-14 10:45:00+00:00,166.25,166.61,166.14,166.61,9.9
2026-02-14 11:00:00+00:00,166.61,166.61,165.82,166.37,5.08
2026-02-14 11:15:00+00:00,166.37,166.64,166.09,166.63,35.45
2026-02-14 11:30:00+00:00,166.63,166.63,165.99,165.99,1.96
2026-02-14 11:45:00+00:00,165.99,166.73,165.99,166.59,29.99
2026-02-14 12:00:00+00:00,166.59,166.65,166.51,166.65,73.83
2026-02-14 12:15:00+00:00,166.65,166.8,166.55,166.57,97.35
2026-02-14 12:30:00+00:00,166.57,166.57,166.02,166.44,56.28
2026-02-14 12:45:00+00:00,166.44,166.71,166.44,166.44,13.84
2026-02-14 13:00:00+00:00,166.44,166.44,165.82,166.06,15.17
2026-02-14 13:15:00+00:00,166.06,166.41,165.94,165.95,21.78
2026-02-14 13:30:00+00:00,165.95,166.23,165.72,165.72,13.8
2026-02-14 13:45:00+00:00,165.72,167.62,165.7,166.46,260.07
2026-02-14 14:00:00+00:00,166.46,166.48,166.25,166.27,16.83
2026-02-14 14:15:00+00:00,166.27,166.27,165.71,165.97,5.54
2026-02-14 14:30:00+00:00,165.97,165.97,165.54,165.54,0.06
2026-02-14 14:45:00+00:00,165.54,166.0,165.54,166.0,0.79
2026-02-14 15:00:00+00:00,166.0,167.32,164.94,166.33,366.17
2026-02-14 15:15:00+00:00,166.33,166.39,165.9,166.39,10.26
2026-02-14 15:30:00+00:00,166.39,166.69,166.17,166.69,36.5
2026-02-14 15:45:00+00:00,166.69,166.69,166.05,166.05,0.24
2026-02-14 16:00:00+00:00,166.05,166.3,166.05,166.3,1.94
2026-02-14 16:15:00+00:00,166.3,166.3,166.09,166.18,6.0
2026-02-14 16:30:00+00:00,166.18,166.45,166.08,166.45,31.0
2026-02-14 16:45:00+00:00,166.45,166.45,166.45,166.45,0.0
2026-02-14 17:00:00+00:00,166.45,166.48,166.24,166.24,0.61
2026-02-14 17:15:00+00:00,166.24,166.65,166.24,166.65,0.7
2026-02-14 17:30:00+00:00,166.65,166.66,166.41,166.42,15.34
2026-02-14 17:45:00+00:00,166.42,166.67,166.42,166.67,17.1
2026-02-14 18:00:00+00:00,166.67,166.67,166.14,166.14,37.43
2026-02-14 18:15:00+00:00,166.14,166.54,166.14,166.39,6.32
2026-02-14 18:30:00+00:00,166.39,166.54,166.37,166.44,6.35
2026-02-14 18:45:00+00:00,166.44,166.55,166.44,166.47,0.45
2026-02-14 19:00:00+00:00,166.47,166.55,166.47,166.53,0.23
2026-02-14 19:15:00+00:00,166.53,166.69,166.36,166.61,47.15
2026-02-14 19:30:00+00:00,166.61,166.65,166.5,166.55,27.31
2026-02-14 19:45:00+00:00,166.55,166.62,166.49,166.53,7.83
2026-02-14 20:00:00+00:00,166.53,166.81,166.43,166.5,71.03
2026-02-14 20:15:00+00:00,166.5,166.67,166.46,166.55,47.49
2026-02-14 20:30:00+00:00,166.55,167.17,166.54,166.58,165.39
2026-02-14 20:45:00+00:00,166.58,166.66,166.51,166.64,23.58
2026-02-14 21:00:00+00:00,166.64,167.1,166.54,166.6,215.05
2026-02-14 21:15:00+00:00,166.6,166.6,166.39,166.56,22.26
2026-02-14 21:30:00+00:00,166.56,166.56,166.37,166.55,20.35
2026-02-14 21:45:00+00:00,166.55,166.55,166.36,166.42,5.95
2026-02-14 22:00:00+00:00,166.42,166.56,166.42,166.56,28.54
2026-02-14 22:15:00+00:00,166.56,166.56,166.34,166.34,1.15
2026-02-14 22:30:00+00:00,166.34,166.61,166.31,166.6,23.46
2026-02-14 22:45:00+00:00,166.6,166.61,166.53,166.61,27.99
2026-02-14 23:00:00+00:00,166.61,167.05,166.42,167.05,34.83
2026-02-14 23:15:00+00:00,167.05,167.05,166.55,166.56,26.79
2026-02-14 23:30:00+00:00,166.56,167.06,166.36,166.54,49.14
2026-02-14 23:45:00+00:00,166.54,166.54,166.5,166.51,4.54
2026-02-15 00:00:00+00:00,166.51,166.77,166.46,166.77,18.0
2026-02-15 00:15:00+00:00,166.77,166.77,166.56,166.74,85.98
2026-02-15 00:30:00+00:00,166.74,166.74,166.42,166.42,0.5
2026-02-15 00:45:00+00:00,166.42,166.76,166.19,166.51,16.31
2026-02-15 01:15:00+00:00,166.68,166.76,165.81,166.5,150.47
2026-02-15 01:30:00+00:00,166.5,166.5,166.19,166.19,2.46
2026-02-15 01:45:00+00:00,166.19,166.31,166.12,166.31,0.51
2026-02-15 02:00:00+00:00,166.31,166.36,166.29,166.36,26.33
2026-02-15 02:15:00+00:00,166.36,166.37,166.29,166.33,2.66
2026-02-15 02:30:00+00:00,166.33,166.61,166.29,166.4,18.69
2026-02-15 02:45:00+00:00,166.4,166.4,166.29,166.29,6.84
2026-02-15 03:00:00+00:00,166.29,166.54,166.29,166.54,1.3
2026-02-15 03:15:00+00:00,166.54,166.54,166.54,166.54,0.0
2026-02-15 03:30:00+00:00,166.54,166.54,166.21,166.24,63.73
2026-02-15 03:45:00+00:00,166.24,166.24,166.24,166.24,0.0
2026-02-15 04:00:00+00:00,166.24,166.24,166.17,166.17,0.01
2026-02-15 04:15:00+00:00,166.17,166.7,166.16,166.35,50.73
2026-02-15 04:30:00+00:00,166.35,166.35,166.32,166.32,0.14
2026-02-15 04:45:00+00:00,166.32,166.66,166.32,166.49,3.29
2026-02-15 05:00:00+00:00,166.49,166.55,166.49,166.55,0.1
2026-02-15 05:15:00+00:00,166.55,166.68,166.48,166.58,21.99
2026-02-15 05:30:00+00:00,166.58,166.58,166.53,166.53,0.42
2026-02-15 05:45:00+00:00,166.53,166.84,166.53,166.84,19.01
2026-02-15 06:00:00+00:00,166.84,166.84,166.31,166.31,24.13
2026-02-15 06:15:00+00:00,166.31,166.56,166.16,166.56,20.24
2026-02-15 06:30:00+00:00,166.56,166.56,166.56,166.56,0.0
2026-02-15 06:45:00+00:00,166.56,166.56,166.3,166.52,6.68
2026-02-15 07:00:00+00:00,166.52,166.52,166.33,166.33,1.23
2026-02-15 07:15:00+00:00,166.33,166.55,166.33,166.55,4.34
2026-02-15 07:30:00+00:00,166.55,166.55,166.55,166.55,0.0
2026-02-15 07:45:00+00:00,166.55,166.55,166.03,166.46,39.79
2026-02-15 08:00:00+00:00,166.46,166.68,166.4,166.68,20.36
2026-02-15 08:15:00+00:00,166.68,166.68,166.67,166.68,1.04
2026-02-15 08:30:00+00:00,166.68,166.68,166.27,166.54,3.38
2026-02-15 08:45:00+00:00,166.54,166.54,166.41,166.41,5.14
2026-02-15 09:00:00+00:00,166.41,166.67,166.37,166.67,12.62
2026-02-15 09:15:00+00:00,166.67,166.73,166.35,166.72,74.67
2026-02-15 09:30:00+00:00,166.72,166.72,166.71,166.72,2.95
2026-02-15 09:45:00+00:00,166.72,166.76,166.54,166.56,35.41
2026-02-15 10:00:00+00:00,166.56,166.56,166.43,166.43,4.43
2026-02-15 10:15:00+00:00,166.43,166.46,166.41,166.46,1.66
2026-02-15 10:30:00+00:00,166.46,166.46,166.39,166.39,11.49
2026-02-15 10:45:00+00:00,166.39,166.45,166.31,166.45,4.02
2026-02-15 11:00:00+00:00,166.45,166.45,166.4,166.4,0.87
2026-02-15 11:15:00+00:00,166.4,166.4,166.4,166.4,0.0
2026-02-15 11:30:00+00:00,166.4,166.49,166.4,166.49,2.0
2026-02-15 11:45:00+00:00,166.49,166.49,166.23,166.25,197.14
2026-02-15 12:00:00+00:00,166.25,166.25,166.12,166.24,148.6
2026-02-15 12:15:00+00:00,166.24,166.45,166.24,166.37,56.98
2026-02-15 12:30:00+00:00,166.37,166.53,166.34,166.34,11.51
2026-02-15 12:45:00+00:00,166.34,166.52,166.23,166.23,2.39
2026-02-15 13:00:00+00:00,166.23,166.38,165.86,165.86,34.85
2026-02-15 13:15:00+00:00,165.86,165.86,165.86,165.86,0.0
2026-02-15 13:30:00+00:00,165.86,165.89,165.6,165.72,414.28
2026-02-15 13:45:00+00:00,165.72,165.94,165.33,165.44,90.18
2026-02-15 14:00:00+00:00,165.44,165.45,165.42,165.45,4.22
2026-02-15 14:15:00+00:00,165.45,165.64,165.45,165.5,35.73
2026-02-15 14:30:00+00:00,165.5,165.63,165.5,165.63,12.56
2026-02-15 14:45:00+00:00,165.63,165.67,165.63,165.67,1.02
2026-02-15 15:00:00+00:00,165.67,165.67,165.67,165.67,0.0
2026-02-15 15:15:00+00:00,165.67,165.67,165.67,165.67,0.0
2026-02-15 15:30:00+00:00,165.67,165.67,165.67,165.67,0.0
2026-02-15 15:45:00+00:00,165.67,165.96,165.62,165.74,30.31
2026-02-15 16:00:00+00:00,165.74,165.92,165.57,165.58,30.01
2026-02-15 16:15:00+00:00,165.58,165.75,165.58,165.59,37.8
2026-02-15 16:30:00+00:00,165.59,165.59,165.59,165.59,0.0
2026-02-15 16:45:00+00:00,165.59,165.68,165.57,165.62,24.88
2026-02-15 17:00:00+00:00,165.62,165.7,165.53,165.66,6.93
2026-02-15 17:15:00+00:00,165.66,165.69,165.59,165.6,15.26
2026-02-15 17:30:00+00:00,165.6,165.69,165.52,165.56,83.83
2026-02-15 17:45:00+00:00,165.56,166.37,163.96,165.65,636.74
2026-02-15 18:00:00+00:00,165.65,165.71,165.63,165.71,10.77
2026-02-15 18:15:00+00:00,165.71,165.71,165.71,165.71,0.0
2026-02-15 18:30:00+00:00,165.71,165.71,165.59,165.61,16.6
2026-02-15 18:45:00+00:00,165.61,165.62,165.6,165.6,1.22
2026-02-15 19:00:00+00:00,165.6,165.6,165.56,165.56,61.17
2026-02-15 19:15:00+00:00,165.56,165.68,165.55,165.63,19.92
2026-02-15 19:30:00+00:00,165.63,165.77,165.53,165.55,24.19
2026-02-15 19:45:00+00:00,165.55,165.69,165.55,165.66,19.03
2026-02-15 20:00:00+00:00,165.66,165.66,165.58,165.61,13.94
2026-02-15 20:15:00+00:00,165.61,165.69,165.6,165.6,0.88
2026-02-15 20:30:00+00:00,165.6,165.69,165.44,165.62,123.61
2026-02-15 20:45:00+00:00,165.62,165.7,165.6,165.61,19.25
2026-02-15 21:00:00+00:00,165.61,165.79,165.61,165.75,4.96
2026-02-15 21:15:00+00:00,165.75,165.75,165.73,165.73,0.18
2026-02-15 21:30:00+00:00,165.73,165.73,165.6,165.71,5.88
2026-02-15 21:45:00+00:00,165.71,165.73,165.55,165.71,61.06
2026-02-15 22:00:00+00:00,165.71,165.81,165.6,165.6,34.72
2026-02-15 22:15:00+00:00,165.6,166.39,165.6,166.39,6.97
2026-02-15 22:30:00+00:00,166.39,166.39,165.85,165.85,3.04
2026-02-15 22:45:00+00:00,165.85,165.85,165.85,165.85,0.0
2026-02-15 23:00:00+00:00,165.85,165.85,165.61,165.72,6.38
2026-02-15 23:15:00+00:00,165.72,165.84,165.72,165.83,0.86
2026-02-15 23:30:00+00:00,165.83,165.83,165.71,165.71,7.71
2026-02-15 23:45:00+00:00,165.71,166.05,165.71,166.05,10.27
2026-02-16 00:00:00+00:00,166.05,166.35,165.85,166.2,28.93
2026-02-16 00:15:00+00:00,166.2,166.2,165.77,165.77,4.18
2026-02-16 00:30:00+00:00,165.77,165.77,165.77,165.77,0.0
2026-02-16 00:45:00+00:00,165.77,165.77,165.77,165.77,0.0
2026-02-16 01:00:00+00:00,165.77,165.77,165.56,165.56,13.22
2026-02-16 01:15:00+00:00,165.56,165.56,165.56,165.56,0.0
2026-02-16 01:30:00+00:00,165.56,165.56,165.56,165.56,0.0
2026-02-16 01:45:00+00:00,165.56,166.35,165.49,166.24,17.05
2026-02-16 02:00:00+00:00,166.24,166.24,165.89,165.89,18.35
2026-02-16 02:15:00+00:00,165.89,165.99,165.6,165.99,19.44
2026-02-16 02:30:00+00:00,165.99,165.99,165.79,165.79,6.4
2026-02-16 02:45:00+00:00,165.79,165.79,165.72,165.72,2.63
2026-02-16 03:00:00+00:00,165.72,166.21,165.72,166.12,12.2
2026-02-16 03:15:00+00:00,166.12,166.12,165.83,165.85,14.48
2026-02-16 03:30:00+00:00,165.85,165.85,165.85,165.85,0.0
2026-02-16 03:45:00+00:00,165.85,165.85,165.66,165.66,0.88
2026-02-16 04:00:00+00:00,165.66,165.66,165.66,165.66,0.0
2026-02-16 04:15:00+00:00,165.66,166.08,165.66,166.08,0.19
2026-02-16 04:30:00+00:00,166.08,166.21,166.08,166.21,9.59
2026-02-16 04:45:00+00:00,166.21,166.21,165.98,165.98,0.22
2026-02-16 05:00:00+00:00,165.98,166.54,165.9,165.9,20.35
2026-02-16 05:15:00+00:00,165.9,165.9,165.83,165.85,2.56
2026-02-16 05:30:00+00:00,165.85,165.87,165.81,165.81,2.67
2026-02-16 05:45:00+00:00,165.81,165.9,165.81,165.9,11.33
2026-02-16 06:00:00+00:00,165.9,166.3,165.9,166.11,2.29
2026-02-16 06:15:00+00:00,166.11,166.11,166.11,166.11,0.0
2026-02-16 06:30:00+00:00,166.11,166.11,166.11,166.11,0.0
2026-02-16 06:45:00+00:00,166.11,166.11,166.11,166.11,0.0
2026-02-16 07:00:00+00:00,166.11,166.11,166.11,166.11,0.0
2026-02-16 07:15:00+00:00,166.11,166.11,165.49,165.86,3.44
2026-02-16 07:30:00+00:00,165.86,165.86,165.82,165.86,3.06
2026-02-16 07:45:00+00:00,165.86,165.86,165.75,165.75,0.06
2026-02-16 08:00:00+00:00,165.75,165.75,165.75,165.75,0.0
2026-02-16 08:15:00+00:00,165.75,166.44,165.75,166.44,42.91
2026-02-16 08:30:00+00:00,166.44,166.45,166.44,166.45,2.0
2026-02-16 08:45:00+00:00,166.45,166.45,166.45,166.45,0.0
2026-02-16 09:00:00+00:00,166.45,166.45,165.92,165.92,1.02
2026-02-16 09:15:00+00:00,165.92,165.92,165.89,165.89,2.92
2026-02-16 09:30:00+00:00,165.89,165.89,165.89,165.89,0.0
2026-02-16 09:45:00+00:00,165.89,165.94,165.89,165.94,3.49
2026-02-16 10:00:00+00:00,165.94,165.94,165.72,165.72,0.08
2026-02-16 10:15:00+00:00,165.72,165.76,165.54,165.54,1.05
2026-02-16 10:30:00+00:00,165.54,165.75,165.54,165.75,11.25
2026-02-16 10:45:00+00:00,165.75,165.75,165.51,165.51,10.52
2026-02-16 11:00:00+00:00,165.51,165.77,165.12,165.12,455.83
2026-02-16 11:15:00+00:00,165.12,165.2,164.96,165.2,27.4
2026-02-16 11:30:00+00:00,165.2,165.2,164.8,164.8,4.04
2026-02-16 11:45:00+00:00,164.8,164.8,164.8,164.8,0.0
2026-02-16 12:00:00+00:00,164.8,165.34,164.8,165.04,180.36
2026-02-16 12:15:00+00:00,165.04,166.43,164.82,166.35,579.17
2026-02-16 12:30:00+00:00,166.35,166.44,165.48,165.48,40.52
2026-02-16 12:45:00+00:00,165.48,166.66,165.48,166.37,258.05
2026-02-16 13:00:00+00:00,166.37,166.86,166.26,166.43,104.93
2026-02-16 13:15:00+00:00,166.43,166.43,164.8,165.1,102.11
2026-02-16 13:30:00+00:00,165.1,165.76,164.66,164.68,1254.26
2026-02-16 13:45:00+00:00,164.68,164.68,164.33,164.55,61.82
2026-02-16 14:00:00+00:00,164.55,164.55,164.25,164.26,81.63
2026-02-16 14:15:00+00:00,164.26,164.64,164.26,164.32,76.48
2026-02-16 14:30:00+00:00,164.32,164.36,164.32,164.36,1.83
2026-02-16 14:45:00+00:00,164.36,164.7,164.36,164.66,42.96
2026-02-16 15:00:00+00:00,164.66,164.85,164.58,164.8,24.6
2026-02-16 15:15:00+00:00,164.8,164.99,164.78,164.82,28.61
2026-02-16 15:30:00+00:00,164.82,164.82,163.18,164.26,2610.88
2026-02-16 15:45:00+00:00,164.26,164.33,163.33,164.0,672.99
2026-02-16 16:00:00+00:00,164.0,164.0,163.21,163.59,142.11
2026-02-16 16:15:00+00:00,163.59,163.98,163.5,163.5,92.76
2026-02-16 16:30:00+00:00,163.5,164.15,163.32,163.54,299.72
2026-02-16 16:45:00+00:00,163.54,164.49,163.54,164.49,10.59
2026-02-16 17:00:00+00:00,164.49,164.49,163.89,164.41,79.24
2026-02-16 17:15:00+00:00,164.41,164.62,164.05,164.62,54.27
2026-02-16 17:30:00+00:00,164.62,164.62,164.6,164.62,23.54
2026-02-16 17:45:00+00:00,164.62,164.75,164.54,164.75,13.42
2026-02-16 18:00:00+00:00,164.75,164.87,163.37,164.87,151.39
2026-02-16 18:15:00+00:00,164.87,164.87,164.71,164.85,1.8
2026-02-16 18:30:00+00:00,164.85,164.87,164.71,164.71,10.46
2026-02-16 18:45:00+00:00,164.71,164.88,164.71,164.88,20.62
2026-02-16 19:00:00+00:00,164.88,164.88,164.86,164.86,1.06
2026-02-16 19:15:00+00:00,164.86,165.09,164.84,165.09,72.0
2026-02-16 19:30:00+00:00,165.09,165.24,164.81,165.24,87.42
2026-02-16 19:45:00+00:00,165.24,165.32,165.23,165.32,19.0
2026-02-16 20:00:00+00:00,165.32,165.34,165.24,165.3,102.73
2026-02-16 20:15:00+00:00,165.3,165.43,165.3,165.37,66.96
2026-02-16 20:30:00+00:00,165.37,165.48,165.3,165.43,22.34
2026-02-16 20:45:00+00:00,165.43,165.51,165.38,165.46,150.55
2026-02-16 21:00:00+00:00,165.46,165.57,165.45,165.55,181.89
2026-02-16 21:15:00+00:00,165.55,165.55,165.4,165.46,50.25
2026-02-16 21:30:00+00:00,165.46,165.55,165.41,165.46,77.87
2026-02-16 21:45:00+00:00,165.46,165.56,165.43,165.5,262.99
2026-02-16 22:00:00+00:00,165.5,165.6,165.41,165.41,64.86
2026-02-16 22:15:00+00:00,165.41,165.66,165.3,165.66,126.42
2026-02-16 22:30:00+00:00,165.66,165.66,165.5,165.57,46.8
2026-02-16 22:45:00+00:00,165.57,165.66,165.31,165.31,49.06
2026-02-16 23:00:00+00:00,165.31,165.61,165.31,165.61,277.54
2026-02-16 23:15:00+00:00,165.61,165.61,165.54,165.54,4.94
2026-02-16 23:30:00+00:00,165.54,165.54,165.54,165.54,0.0
2026-02-16 23:45:00+00:00,165.54,165.59,165.44,165.44,178.55
2026-02-17 00:00:00+00:00,165.44,165.65,165.18,165.28,442.58
2026-02-17 00:15:00+00:00,165.28,165.6,164.88,165.26,66.03
2026-02-17 00:30:00+00:00,165.26,165.96,165.1,165.96,50.82
2026-02-17 00:45:00+00:00,165.96,165.98,165.21,165.34,63.03
2026-02-17 01:00:00+00:00,165.34,165.79,164.79,165.79,145.88
2026-02-17 01:15:00+00:00,165.79,166.08,165.72,165.91,171.43
2026-02-17 01:30:00+00:00,165.91,165.91,165.56,165.69,52.08
2026-02-17 01:45:00+00:00,165.69,165.69,164.28,164.28,57.6
2026-02-17 02:00:00+00:00,164.28,165.48,163.77,165.18,118.93
2026-02-17 02:15:00+00:00,165.18,165.36,165.17,165.36,3.18
2026-02-17 02:30:00+00:00,165.36,165.36,164.95,164.95,1.0
2026-02-17 02:45:00+00:00,164.95,165.19,164.84,165.09,4.23
2026-02-17 03:00:00+00:00,165.09,165.09,163.85,163.85,58.56
2026-02-17 03:30:00+00:00,164.13,164.13,163.77,163.77,3.57
2026-02-17 03:45:00+00:00,163.77,163.77,163.77,163.77,0.0
2026-02-17 04:00:00+00:00,163.77,163.77,163.39,163.39,2.42
2026-02-17 04:15:00+00:00,163.39,163.78,163.39,163.78,1.31
2026-02-17 04:30:00+00:00,163.78,163.9,163.4,163.9,11.94
2026-02-17 04:45:00+00:00,163.9,163.9,163.39,163.41,4.34
2026-02-17 05:00:00+00:00,163.41,163.92,163.41,163.92,0.9
2026-02-17 05:15:00+00:00,163.92,163.92,162.38,162.68,57.2
2026-02-17 05:30:00+00:00,162.68,162.68,161.46,162.68,29.4
2026-02-17 05:45:00+00:00,162.68,162.76,162.63,162.76,3.87
2026-02-17 06:00:00+00:00,162.76,163.43,162.76,163.43,2.7
2026-02-17 06:15:00+00:00,163.43,163.43,163.43,163.43,0.0
2026-02-17 06:30:00+00:00,163.43,163.77,163.38,163.38,4.17
2026-02-17 06:45:00+00:00,163.38,163.47,163.38,163.47,0.11
2026-02-17 07:00:00+00:00,163.47,163.47,163.47,163.47,0.0
2026-02-17 07:15:00+00:00,163.47,163.99,163.1,163.1,414.96
2026-02-17 07:30:00+00:00,163.1,164.44,162.77,163.43,76.32
2026-02-17 07:45:00+00:00,163.43,163.43,163.43,163.43,0.0
2026-02-17 08:00:00+00:00,163.43,163.74,163.08,163.73,35.88
2026-02-17 08:15:00+00:00,163.73,163.73,163.14,163.15,43.48
2026-02-17 08:30:00+00:00,163.15,163.29,162.72,162.88,114.3
2026-02-17 08:45:00+00:00,162.88,162.97,162.68,162.76,71.89
2026-02-17 09:00:00+00:00,162.76,164.61,162.62,162.68,1388.51
2026-02-17 09:15:00+00:00,162.68,162.89,162.42,162.66,55.99
2026-02-17 09:30:00+00:00,162.66,163.41,162.66,163.08,334.59
2026-02-17 09:45:00+00:00,163.08,163.41,162.93,163.19,22.94
2026-02-17 10:00:00+00:00,163.19,163.19,162.92,162.92,5.45
2026-02-17 10:15:00+00:00,162.92,162.92,162.22,162.22,24.01
2026-02-17 10:30:00+00:00,162.22,162.22,162.09,162.12,2.57
2026-02-17 10:45:00+00:00,162.12,162.12,161.62,161.62,1.93
2026-02-17 11:00:00+00:00,161.62,161.62,161.43,161.43,1.28
2026-02-17 11:15:00+00:00,161.43,161.94,161.43,161.46,11.51
2026-02-17 11:30:00+00:00,161.46,161.46,161.46,161.46,0.0
2026-02-17 11:45:00+00:00,161.46,162.14,161.46,161.87,10.89
2026-02-17 12:00:00+00:00,161.87,162.52,161.87,162.38,530.12
2026-02-17 12:15:00+00:00,162.38,162.42,162.34,162.41,98.59
2026-02-17 12:30:00+00:00,162.41,162.76,162.4,162.76,8.2
2026-02-17 12:45:00+00:00,162.76,162.76,162.0,162.0,15.57
2026-02-17 13:00:00+00:00,162.0,162.39,160.93,161.22,1460.54
2026-02-17 13:15:00+00:00,161.22,162.0,161.22,162.0,14.46
2026-02-17 13:30:00+00:00,162.0,162.0,161.53,161.63,7.56
2026-02-17 13:45:00+00:00,161.63,162.24,161.54,162.24,35.44
2026-02-17 14:00:00+00:00,162.24,162.52,162.13,162.33,746.08
2026-02-17 14:15:00+00:00,162.33,162.82,162.02,162.55,1119.86
2026-02-17 14:30:00+00:00,162.55,166.24,158.65,159.75,4932.13
2026-02-17 14:45:00+00:00,159.75,161.03,158.71,160.0,1992.99
2026-02-17 15:00:00+00:00,160.0,161.84,160.0,160.92,1179.51
2026-02-17 15:15:00+00:00,160.92,162.67,160.31,162.37,825.04
2026-02-17 15:30:00+00:00,162.37,165.62,161.76,165.6,775.5
2026-02-17 15:45:00+00:00,165.6,168.69,165.56,168.69,1102.54
2026-02-17 16:00:00+00:00,168.69,170.12,168.57,169.98,716.64
2026-02-17 16:15:00+00:00,169.98,170.54,168.8,168.85,2065.64
2026-02-17 16:30:00+00:00,168.85,170.21,167.91,168.21,1462.9
2026-02-17 16:45:00+00:00,168.21,168.41,167.14,167.72,895.46
2026-02-17 17:00:00+00:00,167.72,168.7,166.79,167.23,354.13
2026-02-17 17:15:00+00:00,167.23,167.73,166.46,167.73,579.5
2026-02-17 17:30:00+00:00,167.73,167.83,166.69,166.75,950.16
2026-02-17 17:45:00+00:00,166.75,167.78,166.36,167.78,400.69
2026-02-17 18:00:00+00:00,167.78,167.86,166.97,167.24,246.38
2026-02-17 18:15:00+00:00,167.24,169.62,167.02,169.38,458.29
2026-02-17 18:30:00+00:00,169.38,169.81,168.44,169.46,268.46
2026-02-17 18:45:00+00:00,169.46,170.1,168.89,169.76,404.24
2026-02-17 19:00:00+00:00,169.76,169.97,169.17,169.81,512.01
2026-02-17 19:15:00+00:00,169.81,169.81,168.0,168.0,258.46
2026-02-17 19:30:00+00:00,168.0,168.51,167.95,168.2,458.6
2026-02-17 19:45:00+00:00,168.2,168.31,167.53,167.82,812.35
2026-02-17 20:00:00+00:00,167.82,168.14,166.16,166.27,398.68
2026-02-17 20:15:00+00:00,166.27,166.49,165.14,165.99,426.24
2026-02-17 20:30:00+00:00,165.99,166.2,165.39,166.15,619.76
2026-02-17 20:45:00+00:00,166.15,166.56,165.34,166.26,484.35
2026-02-17 21:00:00+00:00,166.26,166.75,166.2,166.75,3.29
2026-02-17 21:15:00+00:00,166.75,167.01,166.56,167.01,24.69
2026-02-17 21:30:00+00:00,167.01,167.01,167.01,167.01,0.0
2026-02-17 21:45:00+00:00,167.01,167.01,166.46,166.46,6.39
2026-02-17 22:00:00+00:00,166.46,166.46,166.46,166.46,0.0
2026-02-17 22:15:00+00:00,166.46,167.23,166.43,167.23,13.09
2026-02-17 22:30:00+00:00,167.23,167.23,166.77,166.77,5.91
2026-02-17 22:45:00+00:00,166.77,166.8,166.61,166.72,16.57
2026-02-17 23:00:00+00:00,166.72,166.72,166.4,166.4,6.69
2026-02-17 23:15:00+00:00,166.4,166.4,166.4,166.4,0.0
2026-02-17 23:30:00+00:00,166.4,166.4,166.1,166.1,2.39
2026-02-17 23:45:00+00:00,166.1,166.1,166.1,166.1,0.0
2026-02-18 00:00:00+00:00,166.1,166.22,166.08,166.14,14.03
2026-02-18 00:15:00+00:00,166.14,166.17,166.14,166.17,4.68
2026-02-18 00:30:00+00:00,166.17,166.37,166.17,166.37,5.23
2026-02-18 00:45:00+00:00,166.37,166.37,165.47,165.47,64.72
2026-02-18 01:00:00+00:00,165.47,165.97,164.71,165.1,56.65
2026-02-18 01:15:00+00:00,165.1,165.39,164.89,165.37,45.12
2026-02-18 01:30:00+00:00,165.37,165.47,165.16,165.47,45.09
2026-02-18 01:45:00+00:00,165.47,165.75,165.34,165.34,82.18
2026-02-18 02:00:00+00:00,165.34,165.94,165.34,165.84,78.22
2026-02-18 02:15:00+00:00,165.84,165.9,165.62,165.64,59.95
2026-02-18 02:30:00+00:00,165.64,166.0,165.62,165.99,25.98
2026-02-18 02:45:00+00:00,165.99,166.34,165.99,166.06,49.32
2026-02-18 03:00:00+00:00,166.06,166.22,166.06,166.14,6.21
2026-02-18 03:15:00+00:00,166.14,166.49,166.14,166.46,7.57
2026-02-18 03:30:00+00:00,166.46,167.08,166.46,166.64,41.73
2026-02-18 03:45:00+00:00,166.64,167.06,166.64,167.03,30.85
2026-02-18 04:00:00+00:00,167.03,167.18,166.77,167.09,37.85
2026-02-18 04:15:00+00:00,167.09,167.15,166.99,167.14,34.2
2026-02-18 04:30:00+00:00,167.14,167.31,166.79,166.89,84.82
2026-02-18 04:45:00+00:00,166.89,167.24,166.89,167.24,0.67
2026-02-18 05:00:00+00:00,167.24,167.34,166.98,167.27,30.1
2026-02-18 05:15:00+00:00,167.27,167.65,167.27,167.43,89.87
2026-02-18 05:30:00+00:00,167.43,167.43,167.06,167.28,45.82
2026-02-18 05:45:00+00:00,167.28,167.36,166.93,167.02,107.89
2026-02-18 06:00:00+00:00,167.02,167.03,166.72,166.72,96.03
2026-02-18 06:15:00+00:00,166.72,167.03,166.72,167.01,10.66
2026-02-18 06:30:00+00:00,167.01,167.39,166.87,167.38,251.61
2026-02-18 06:45:00+00:00,167.38,168.1,167.38,167.44,246.12
2026-02-18 07:00:00+00:00,167.44,167.45,167.05,167.22,194.63
2026-02-18 07:15:00+00:00,167.22,167.25,166.96,167.24,41.44
2026-02-18 07:30:00+00:00,167.24,167.75,167.04,167.43,292.2
2026-02-18 07:45:00+00:00,167.43,167.95,167.43,167.72,147.16
2026-02-18 08:00:00+00:00,167.72,168.24,167.55,167.82,488.41
2026-02-18 08:15:00+00:00,167.82,168.74,167.68,168.32,375.19
2026-02-18 08:30:00+00:00,168.32,168.33,167.81,168.16,137.82
2026-02-18 08:45:00+00:00,168.16,168.53,168.04,168.19,53.86
2026-02-18 09:00:00+00:00,168.19,169.27,167.22,169.23,509.33
2026-02-18 09:15:00+00:00,169.23,169.23,168.64,168.86,106.88
2026-02-18 09:30:00+00:00,168.86,168.95,168.77,168.78,193.7
2026-02-18 09:45:00+00:00,168.78,168.78,168.38,168.38,41.75
2026-02-18 10:00:00+00:00,168.38,168.52,168.38,168.44,13.82
2026-02-18 10:15:00+00:00,168.44,168.44,167.88,167.88,58.48
2026-02-18 10:30:00+00:00,167.88,167.88,167.5,167.51,14.28
2026-02-18 10:45:00+00:00,167.51,167.64,167.49,167.49,5.86
2026-02-18 11:00:00+00:00,167.49,167.58,166.25,166.67,47.83
2026-02-18 11:15:00+00:00,166.67,167.5,166.67,167.19,19.79
2026-02-18 11:30:00+00:00,167.19,167.5,167.19,167.31,11.73
2026-02-18 11:45:00+00:00,167.31,167.33,166.93,166.93,2.73
2026-02-18 12:00:00+00:00,166.93,167.61,166.93,167.56,10.7
2026-02-18 12:15:00+00:00,167.56,167.56,167.29,167.38,3.62
2026-02-18 12:30:00+00:00,167.38,167.38,166.71,167.09,7.99
2026-02-18 12:45:00+00:00,167.09,167.2,167.09,167.2,0.2
2026-02-18 13:00:00+00:00,167.2,167.94,167.08,167.78,125.9
2026-02-18 13:15:00+00:00,167.78,167.78,167.57,167.57,0.2
2026-02-18 13:30:00+00:00,167.57,167.57,166.68,166.68,13.06
2026-02-18 13:45:00+00:00,166.68,166.82,166.16,166.16,49.53
2026-02-18 14:00:00+00:00,166.16,166.82,166.16,166.82,30.74
2026-02-18 14:15:00+00:00,166.82,166.82,165.55,165.69,456.82
2026-02-18 14:30:00+00:00,165.69,169.9,165.47,169.9,2526.49
2026-02-18 14:45:00+00:00,169.9,171.83,167.55,171.66,967.76
2026-02-18 15:00:00+00:00,171.66,172.86,169.49,169.59,1052.76
2026-02-18 15:15:00+00:00,169.59,172.11,169.48,171.61,592.55
2026-02-18 15:30:00+00:00,171.61,173.9,171.06,173.11,366.5
2026-02-18 15:45:00+00:00,173.11,173.29,171.62,172.75,642.55
2026-02-18 16:00:00+00:00,172.75,172.92,170.53,170.7,211.34
2026-02-18 16:15:00+00:00,170.7,170.84,169.9,170.12,150.74
2026-02-18 16:30:00+00:00,170.12,170.36,168.63,168.87,137.5
2026-02-18 16:45:00+00:00,168.87,169.5,168.83,169.16,65.0
2026-02-18 17:00:00+00:00,169.16,169.34,168.44,168.59,100.39
2026-02-18 17:15:00+00:00,168.59,168.86,167.88,167.92,78.81
2026-02-18 17:30:00+00:00,167.92,168.41,167.33,167.33,40.47
2026-02-18 17:45:00+00:00,167.33,167.86,167.33,167.59,9.14
2026-02-18 18:00:00+00:00,167.59,167.95,166.92,167.17,37.48
2026-02-18 18:15:00+00:00,167.17,167.28,166.16,166.52,64.47
2026-02-18 18:30:00+00:00,166.52,167.1,165.94,165.94,75.18
2026-02-18 18:45:00+00:00,165.94,167.18,165.94,167.11,162.06
2026-02-18 19:00:00+00:00,167.11,167.11,166.51,166.64,66.09
2026-02-18 19:15:00+00:00,166.64,166.81,166.07,166.24,204.73
2026-02-18 19:30:00+00:00,166.24,166.24,164.26,164.62,325.73
2026-02-18 19:45:00+00:00,164.62,164.96,163.41,163.8,326.7
2026-02-18 20:00:00+00:00,163.8,164.96,163.59,164.53,550.99
2026-02-18 20:15:00+00:00,164.53,164.71,163.56,163.56,304.29
2026-02-18 20:30:00+00:00,163.56,165.21,163.52,165.21,147.8
2026-02-18 20:45:00+00:00,165.21,165.35,164.07,164.08,251.54
2026-02-18 21:00:00+00:00,164.08,164.31,163.54,163.93,103.02
2026-02-18 21:15:00+00:00,163.93,164.31,163.93,164.28,43.61
2026-02-18 21:30:00+00:00,164.28,164.55,164.11,164.15,56.74
2026-02-18 21:45:00+00:00,164.15,164.27,164.15,164.27,3.73
2026-02-18 22:00:00+00:00,164.27,164.82,164.27,164.82,10.06
2026-02-18 22:15:00+00:00,164.82,165.08,164.82,165.08,10.08
2026-02-18 22:30:00+00:00,165.08,165.08,164.62,164.82,8.2
2026-02-18 22:45:00+00:00,164.82,164.97,164.68,164.69,22.61
2026-02-18 23:00:00+00:00,164.69,164.75,164.33,164.62,27.23
2026-02-18 23:15:00+00:00,164.62,164.62,164.47,164.54,4.45
2026-02-18 23:30:00+00:00,164.54,164.95,164.54,164.95,5.34
2026-02-18 23:45:00+00:00,164.95,164.97,164.59,164.94,19.26
2026-02-19 00:00:00+00:00,164.94,164.94,164.73,164.75,6.61
2026-02-19 00:15:00+00:00,164.75,164.75,164.33,164.33,15.16
2026-02-19 00:30:00+00:00,164.33,164.69,164.28,164.69,5.92
2026-02-19 00:45:00+00:00,164.69,164.69,164.62,164.62,3.04
2026-02-19 01:00:00+00:00,164.62,165.46,164.62,165.46,29.24
2026-02-19 01:15:00+00:00,165.46,165.46,165.33,165.33,0.12
2026-02-19 01:30:00+00:00,165.33,165.41,164.89,165.07,64.6
2026-02-19 01:45:00+00:00,165.07,165.48,165.07,165.44,115.64
2026-02-19 02:00:00+00:00,165.44,165.87,165.44,165.74,56.6
2026-02-19 02:15:00+00:00,165.74,166.0,165.74,166.0,14.71
2026-02-19 02:30:00+00:00,166.0,166.0,165.55,165.61,109.64
2026-02-19 02:45:00+00:00,165.61,165.63,165.38,165.43,59.58
2026-02-19 03:00:00+00:00,165.43,165.75,165.43,165.48,54.11
2026-02-19 03:15:00+00:00,165.48,165.85,165.47,165.85,27.79
2026-02-19 03:30:00+00:00,165.85,165.85,165.56,165.71,14.04
2026-02-19 03:45:00+00:00,165.71,165.89,165.46,165.71,76.26
2026-02-19 04:00:00+00:00,165.71,165.86,165.71,165.73,93.62
2026-02-19 04:15:00+00:00,165.73,165.75,165.73,165.75,2.26
2026-02-19 04:30:00+00:00,165.75,165.75,165.64,165.64,18.4
2026-02-19 04:45:00+00:00,165.64,165.68,165.27,165.51,48.93
2026-02-19 05:00:00+00:00,165.51,165.58,165.15,165.35,101.36
2026-02-19 05:15:00+00:00,165.35,165.45,165.13,165.23,124.7
2026-02-19 05:45:00+00:00,165.2,165.49,165.2,165.45,41.98
2026-02-19 06:00:00+00:00,165.45,165.56,165.36,165.36,44.44
2026-02-19 06:15:00+00:00,165.36,165.8,165.34,165.72,108.69
2026-02-19 06:30:00+00:00,165.72,165.96,165.54,165.82,54.12
2026-02-19 06:45:00+00:00,165.82,165.87,165.67,165.87,11.25
2026-02-19 07:00:00+00:00,165.87,165.87,165.62,165.68,37.3
2026-02-19 07:15:00+00:00,165.68,165.85,165.68,165.85,30.54
2026-02-19 07:30:00+00:00,165.85,165.93,165.76,165.79,76.98
2026-02-19 07:45:00+00:00,165.79,165.98,165.74,165.78,73.14
2026-02-19 08:00:00+00:00,165.78,166.0,165.72,165.89,124.83
2026-02-19 08:15:00+00:00,165.89,165.89,165.69,165.74,20.2
2026-02-19 08:30:00+00:00,165.74,165.82,165.2,165.38,50.09
2026-02-19 08:45:00+00:00,165.38,165.38,165.14,165.27,84.57
2026-02-19 09:00:00+00:00,165.27,165.27,164.75,165.17,34.55
2026-02-19 09:15:00+00:00,165.17,165.17,165.17,165.17,0.0
2026-02-19 09:30:00+00:00,165.17,165.17,164.66,164.66,1.21
2026-02-19 09:45:00+00:00,164.66,164.66,163.99,164.32,6.57
2026-02-19 10:00:00+00:00,164.32,164.35,164.01,164.1,48.05
2026-02-19 10:15:00+00:00,164.1,164.48,164.09,164.48,18.68
2026-02-19 10:30:00+00:00,164.48,164.48,164.08,164.33,10.82
2026-02-19 10:45:00+00:00,164.33,164.33,164.15,164.15,7.03
2026-02-19 11:00:00+00:00,164.15,164.59,164.15,164.52,8.73
2026-02-19 11:15:00+00:00,164.52,164.94,164.52,164.87,31.18
2026-02-19 11:30:00+00:00,164.87,164.87,164.49,164.49,10.93
2026-02-19 11:45:00+00:00,164.49,164.55,164.04,164.04,15.47
2026-02-19 12:00:00+00:00,164.04,164.1,163.43,163.83,33.98
2026-02-19 12:15:00+00:00,163.83,164.05,163.61,164.05,14.73
2026-02-19 12:30:00+00:00,164.05,164.57,163.8,164.45,59.95
2026-02-19 12:45:00+00:00,164.45,164.45,164.25,164.25,2.5
2026-02-19 13:00:00+00:00,164.25,164.25,163.86,163.93,19.35
2026-02-19 13:15:00+00:00,163.93,163.93,163.72,163.72,3.78
2026-02-19 13:30:00+00:00,163.72,164.33,163.63,163.63,7.73
2026-02-19 13:45:00+00:00,163.63,163.64,162.76,163.42,184.72
2026-02-19 14:00:00+00:00,163.42,163.67,163.34,163.67,61.33
2026-02-19 14:15:00+00:00,163.67,163.67,162.38,162.43,170.37
2026-02-19 14:30:00+00:00,162.43,163.56,161.33,163.44,2329.16
2026-02-19 14:45:00+00:00,163.44,167.59,161.77,165.76,1166.06
2026-02-19 15:00:00+00:00,165.76,167.14,163.01,163.22,716.02
2026-02-19 15:15:00+00:00,163.22,164.42,162.84,163.01,455.87
2026-02-19 15:30:00+00:00,163.01,165.22,162.78,164.25,224.04
2026-02-19 15:45:00+00:00,164.25,164.82,163.1,163.47,246.55
2026-02-19 16:00:00+00:00,163.47,163.74,161.91,162.74,187.4
2026-02-19 16:15:00+00:00,162.74,163.12,162.47,162.74,67.66
2026-02-19 16:30:00+00:00,162.74,164.31,162.74,163.75,137.95
2026-02-19 16:45:00+00:00,163.75,164.81,163.6,164.41,174.48
2026-02-19 17:00:00+00:00,164.41,165.18,164.41,164.54,213.22
2026-02-19 17:15:00+00:00,164.54,165.83,164.3,164.3,218.04
2026-02-19 17:30:00+00:00,164.3,164.79,163.77,164.35,187.5
2026-02-19 17:45:00+00:00,164.35,164.35,163.44,163.75,228.86
2026-02-19 18:00:00+00:00,163.75,164.45,163.42,164.43,174.26
2026-02-19 18:15:00+00:00,164.43,165.06,163.72,164.93,184.8
2026-02-19 18:30:00+00:00,164.93,165.07,163.71,164.53,81.66
2026-02-19 18:45:00+00:00,164.53,165.03,164.53,164.74,145.6
2026-02-19 19:00:00+00:00,164.74,164.9,163.84,164.3,381.92
2026-02-19 19:15:00+00:00,164.3,164.52,163.29,163.45,367.25
2026-02-19 19:30:00+00:00,163.45,163.85,162.88,163.37,172.65
2026-02-19 19:45:00+00:00,163.37,164.02,163.12,163.57,388.82
2026-02-19 20:00:00+00:00,163.57,164.11,163.52,163.83,63.18
2026-02-19 20:15:00+00:00,163.83,163.83,163.15,163.81,86.28
2026-02-19 20:30:00+00:00,163.81,164.84,163.1,164.84,101.36
2026-02-19 20:45:00+00:00,164.84,166.74,164.84,165.81,177.63
2026-02-19 21:00:00+00:00,165.81,166.33,165.81,165.98,36.53
2026-02-19 21:15:00+00:00,165.98,166.03,165.81,165.87,24.41
2026-02-19 21:30:00+00:00,165.87,165.87,165.64,165.75,5.86
2026-02-19 21:45:00+00:00,165.75,165.75,165.73,165.73,0.89
2026-02-19 22:00:00+00:00,165.73,165.73,165.65,165.65,4.1
2026-02-19 22:15:00+00:00,165.65,165.65,165.39,165.55,13.4
2026-02-19 22:30:00+00:00,165.55,165.55,165.5,165.5,2.77
2026-02-19 22:45:00+00:00,165.5,165.5,165.5,165.5,0.0
2026-02-19 23:00:00+00:00,165.5,165.79,165.5,165.79,19.12
2026-02-19 23:15:00+00:00,165.79,165.89,165.79,165.89,1.45
2026-02-19 23:30:00+00:00,165.89,165.89,165.7,165.88,38.41
2026-02-19 23:45:00+00:00,165.88,165.92,165.88,165.92,4.48
2026-02-20 00:00:00+00:00,165.92,165.92,165.7,165.72,4.05
2026-02-20 00:15:00+00:00,165.72,166.28,165.72,166.24,15.65
2026-02-20 00:30:00+00:00,166.24,166.58,166.08,166.08,56.32
2026-02-20 00:45:00+00:00,166.08,166.08,166.07,166.07,3.81
2026-02-20 01:00:00+00:00,166.07,166.61,166.05,166.49,36.11
2026-02-20 01:15:00+00:00,166.49,166.59,166.1,166.1,22.91
2026-02-20 01:30:00+00:00,166.1,166.53,166.1,166.33,37.38
2026-02-20 01:45:00+00:00,166.33,166.33,166.13,166.13,10.18
2026-02-20 02:00:00+00:00,166.13,166.44,166.13,166.44,6.09
2026-02-20 02:15:00+00:00,166.44,166.44,165.93,165.93,6.21
2026-02-20 02:30:00+00:00,165.93,166.27,165.93,166.27,0.53
2026-02-20 02:45:00+00:00,166.27,166.27,166.27,166.27,0.0
2026-02-20 03:00:00+00:00,166.27,166.27,166.16,166.17,5.81
2026-02-20 03:15:00+00:00,166.17,166.55,166.17,166.53,38.71
2026-02-20 03:30:00+00:00,166.53,166.66,166.44,166.62,12.52
2026-02-20 03:45:00+00:00,166.62,166.75,166.62,166.75,6.29
2026-02-20 04:00:00+00:00,166.75,166.75,166.75,166.75,0.0
2026-02-20 04:15:00+00:00,166.75,166.75,166.43,166.45,43.47
2026-02-20 04:30:00+00:00,166.45,166.64,166.38,166.64,40.97
2026-02-20 04:45:00+00:00,166.64,166.72,166.46,166.46,0.91
2026-02-20 05:00:00+00:00,166.46,166.46,166.46,166.46,0.0
2026-02-20 05:15:00+00:00,166.46,166.59,166.46,166.59,4.17
2026-02-20 05:30:00+00:00,166.59,167.62,166.59,167.47,71.91
2026-02-20 05:45:00+00:00,167.47,167.75,167.47,167.49,44.42
2026-02-20 06:00:00+00:00,167.49,167.75,167.49,167.75,9.24
2026-02-20 06:15:00+00:00,167.75,167.76,167.73,167.76,1.72
2026-02-20 06:30:00+00:00,167.76,167.76,167.61,167.61,0.33
2026-02-20 06:45:00+00:00,167.61,167.98,167.61,167.98,20.88
2026-02-20 07:00:00+00:00,167.98,167.98,167.65,167.78,70.85
2026-02-20 07:15:00+00:00,167.78,168.0,167.68,168.0,52.45
2026-02-20 07:30:00+00:00,168.0,168.19,167.78,167.93,173.88
2026-02-20 07:45:00+00:00,167.93,168.04,167.72,167.78,347.94
2026-02-20 08:00:00+00:00,167.78,168.3,167.64,168.05,328.58
2026-02-20 08:15:00+00:00,168.05,168.12,167.75,167.82,83.44
2026-02-20 08:30:00+00:00,167.82,167.89,167.5,167.8,38.88
2026-02-20 08:45:00+00:00,167.8,168.12,167.75,168.06,86.45
2026-02-20 09:00:00+00:00,168.06,168.69,167.71,168.69,381.11
2026-02-20 09:15:00+00:00,168.69,169.29,168.69,169.29,17.1
2026-02-20 09:30:00+00:00,169.29,169.29,168.95,168.95,21.29
2026-02-20 09:45:00+00:00,168.95,169.14,168.9,169.14,8.85
2026-02-20 10:00:00+00:00,169.14,169.62,169.14,169.46,10.86
2026-02-20 10:15:00+00:00,169.46,169.46,169.1,169.1,26.89
2026-02-20 10:30:00+00:00,169.1,169.13,169.09,169.09,1.42
2026-02-20 10:45:00+00:00,169.09,169.09,168.57,168.6,120.22
2026-02-20 11:00:00+00:00,168.6,168.6,168.07,168.19,36.02
2026-02-20 11:15:00+00:00,168.19,168.55,168.19,168.31,16.83
2026-02-20 11:30:00+00:00,168.31,168.39,167.88,167.88,8.0
2026-02-20 11:45:00+00:00,167.88,167.9,167.37,167.37,7.98
2026-02-20 12:00:00+00:00,167.37,167.37,167.15,167.16,37.53
2026-02-20 12:15:00+00:00,167.16,167.4,166.82,167.23,8.8
2026-02-20 12:30:00+00:00,167.23,167.23,166.96,167.13,8.01
2026-02-20 12:45:00+00:00,167.13,167.38,166.92,167.38,6.48
2026-02-20 13:00:00+00:00,167.38,167.48,167.11,167.11,10.09
2026-02-20 13:15:00+00:00,167.11,167.66,167.08,167.66,67.13
2026-02-20 13:30:00+00:00,167.66,167.66,165.02,165.22,209.48
2026-02-20 13:45:00+00:00,165.22,165.89,164.96,165.89,107.36
2026-02-20 14:00:00+00:00,165.89,166.21,165.55,165.55,122.63
2026-02-20 14:15:00+00:00,165.55,165.55,164.69,165.38,129.48
2026-02-20 14:30:00+00:00,165.38,170.42,164.23,167.17,3880.84
2026-02-20 14:45:00+00:00,167.17,169.19,165.59,169.16,958.06
2026-02-20 15:00:00+00:00,169.16,173.15,169.13,171.26,1887.88
2026-02-20 15:15:00+00:00,171.26,172.61,169.27,171.82,1327.32
2026-02-20 15:30:00+00:00,171.82,172.71,170.87,172.39,1062.21
2026-02-20 15:45:00+00:00,172.39,173.79,172.27,173.79,447.24
2026-02-20 16:00:00+00:00,173.79,175.41,173.72,174.88,410.44
2026-02-20 16:15:00+00:00,174.88,174.98,172.28,172.28,228.08
2026-02-20 16:30:00+00:00,172.28,172.91,171.85,172.21,506.67
2026-02-20 16:45:00+00:00,172.21,172.46,171.56,171.56,72.26
2026-02-20 17:00:00+00:00,171.56,171.84,169.52,169.52,182.5
2026-02-20 17:15:00+00:00,169.52,169.52,167.64,168.08,459.88
2026-02-20 17:30:00+00:00,168.08,169.88,167.82,169.3,787.89
2026-02-20 17:45:00+00:00,169.3,170.66,168.82,170.33,567.04
2026-02-20 18:00:00+00:00,170.33,170.44,169.41,169.6,211.35
2026-02-20 18:15:00+00:00,169.6,169.6,167.74,168.4,487.18
2026-02-20 18:30:00+00:00,168.4,171.0,167.89,171.0,455.95
2026-02-20 18:45:00+00:00,171.0,171.95,170.81,171.33,159.59
2026-02-20 19:00:00+00:00,171.33,171.33,170.04,170.08,111.09
2026-02-20 19:15:00+00:00,170.08,171.02,169.97,170.21,381.62
2026-02-20 19:30:00+00:00,170.21,170.93,170.21,170.35,214.12
2026-02-20 19:45:00+00:00,170.35,171.92,170.35,171.11,68.99
2026-02-20 20:00:00+00:00,171.11,172.51,171.01,172.0,88.55
2026-02-20 20:15:00+00:00,172.0,172.06,170.22,170.28,21.45
2026-02-20 20:30:00+00:00,170.28,171.77,170.23,171.77,121.24
2026-02-20 20:45:00+00:00,171.77,171.96,171.39,171.39,166.46
2026-02-20 21:00:00+00:00,171.39,171.39,170.82,171.01,30.91
2026-02-20 21:15:00+00:00,171.01,171.01,171.01,171.01,0.0
2026-02-20 21:30:00+00:00,171.01,171.58,171.01,171.58,8.86
2026-02-20 21:45:00+00:00,171.58,171.58,171.09,171.09,2.47
2026-02-20 22:00:00+00:00,171.09,171.16,171.09,171.13,1.64
2026-02-20 22:15:00+00:00,171.13,171.54,171.13,171.54,7.59
2026-02-20 22:30:00+00:00,171.54,171.54,171.23,171.23,1.19
2026-02-20 22:45:00+00:00,171.23,171.23,171.23,171.23,0.0
2026-02-20 23:00:00+00:00,171.23,171.57,171.23,171.57,0.06
2026-02-20 23:15:00+00:00,171.57,171.57,171.41,171.41,0.12
2026-02-20 23:30:00+00:00,171.41,171.62,171.41,171.62,5.0
2026-02-20 23:45:00+00:00,171.62,171.62,171.62,171.62,0.0
2026-02-21 00:00:00+00:00,171.62,171.65,171.24,171.26,7.78
2026-02-21 00:15:00+00:00,171.26,171.37,171.26,171.31,2.07
2026-02-21 00:30:00+00:00,171.31,171.36,171.31,171.31,11.44
2026-02-21 00:45:00+00:00,171.31,171.32,170.83,170.92,31.51
2026-02-21 01:00:00+00:00,170.92,170.92,170.92,170.92,0.0
2026-02-21 01:15:00+00:00,170.92,170.92,170.92,170.92,0.0
2026-02-21 01:30:00+00:00,170.92,171.4,170.92,171.4,5.56
2026-02-21 01:45:00+00:00,171.4,171.6,171.26,171.26,70.78
2026-02-21 02:00:00+00:00,171.26,171.27,171.26,171.27,7.63
2026-02-21 02:15:00+00:00,171.27,171.67,171.26,171.67,11.88
2026-02-21 02:30:00+00:00,171.67,171.72,171.63,171.72,0.26
2026-02-21 02:45:00+00:00,171.72,171.72,171.43,171.43,12.18
2026-02-21 03:00:00+00:00,171.43,171.52,171.27,171.27,7.5
2026-02-21 03:15:00+00:00,171.27,171.31,171.26,171.26,3.64
2026-02-21 03:30:00+00:00,171.26,171.26,170.91,170.91,43.45
2026-02-21 03:45:00+00:00,170.91,171.34,170.91,170.93,25.73
2026-02-21 04:00:00+00:00,170.93,171.36,170.92,171.36,27.51
2026-02-21 04:15:00+00:00,171.36,171.36,170.92,170.92,0.41
2026-02-21 04:30:00+00:00,170.92,170.99,170.92,170.99,0.08
2026-02-21 04:45:00+00:00,170.99,170.99,170.99,170.99,0.0
2026-02-21 05:00:00+00:00,170.99,171.12,170.99,171.12,1.56
2026-02-21 05:15:00+00:00,171.12,171.67,171.12,171.67,1.59
2026-02-21 05:30:00+00:00,171.67,171.67,171.41,171.41,0.04
2026-02-21 05:45:00+00:00,171.41,171.41,171.41,171.41,0.0
2026-02-21 06:00:00+00:00,171.41,171.41,171.41,171.41,0.0
2026-02-21 06:15:00+00:00,171.41,171.41,171.41,171.41,0.0
2026-02-21 06:30:00+00:00,171.41,171.41,171.41,171.41,0.0
2026-02-21 06:45:00+00:00,171.41,171.53,171.41,171.53,0.06
2026-02-21 07:00:00+00:00,171.53,171.53,171.53,171.53,0.0
2026-02-21 07:15:00+00:00,171.53,171.53,171.53,171.53,0.0
2026-02-21 07:30:00+00:00,171.53,171.53,171.38,171.38,0.04
2026-02-21 08:00:00+00:00,171.38,171.38,171.38,171.38,0.0
2026-02-21 08:15:00+00:00,171.38,171.38,171.38,171.38,0.0
2026-02-21 08:30:00+00:00,171.38,171.42,171.38,171.42,2.33
2026-02-21 08:45:00+00:00,171.42,171.43,171.41,171.43,5.63
2026-02-21 09:00:00+00:00,171.43,171.59,171.27,171.45,9.96
2026-02-21 09:15:00+00:00,171.45,171.86,171.45,171.86,16.4
2026-02-21 09:30:00+00:00,171.86,171.86,171.65,171.65,3.01
2026-02-21 09:45:00+00:00,171.65,171.71,171.52,171.52,16.74
2026-02-21 10:00:00+00:00,171.52,171.67,171.52,171.66,2.1
2026-02-21 10:15:00+00:00,171.66,171.68,171.66,171.68,2.92
2026-02-21 10:30:00+00:00,171.68,171.73,171.61,171.63,3.05
2026-02-21 10:45:00+00:00,171.63,171.66,171.52,171.54,21.16
2026-02-21 11:00:00+00:00,171.54,171.79,171.47,171.63,23.08
2026-02-21 11:15:00+00:00,171.63,171.63,171.43,171.62,3.49
2026-02-21 11:30:00+00:00,171.62,171.62,171.62,171.62,0.04
2026-02-21 11:45:00+00:00,171.62,171.62,171.59,171.59,1.88
2026-02-21 12:00:00+00:00,171.59,171.59,171.42,171.42,7.06
2026-02-21 12:15:00+00:00,171.42,171.46,171.42,171.45,3.17
2026-02-21 12:30:00+00:00,171.45,171.48,171.44,171.44,1.11
2026-02-21 12:45:00+00:00,171.44,171.55,171.44,171.55,0.03
2026-02-21 13:00:00+00:00,171.55,171.55,171.55,171.55,0.03
2026-02-21 13:15:00+00:00,171.55,171.59,171.28,171.58,14.55
2026-02-21 13:30:00+00:00,171.58,171.67,171.39,171.67,4.91
2026-02-21 13:45:00+00:00,171.67,171.67,171.38,171.38,5.62
2026-02-21 14:00:00+00:00,171.38,171.63,171.35,171.35,1.44
2026-02-21 14:15:00+00:00,171.35,171.94,171.35,171.9,204.05
2026-02-21 14:30:00+00:00,171.9,171.98,171.77,171.8,259.72
2026-02-21 14:45:00+00:00,171.8,171.91,171.64,171.75,69.72
2026-02-21 15:00:00+00:00,171.75,171.75,171.64,171.72,1.2
2026-02-21 15:15:00+00:00,171.72,171.86,171.71,171.75,171.87
2026-02-21 15:30:00+00:00,171.75,171.78,171.7,171.71,138.46
2026-02-21 15:45:00+00:00,171.71,171.78,171.64,171.77,95.43
2026-02-21 16:00:00+00:00,171.77,171.95,171.55,171.89,83.06
2026-02-21 16:15:00+00:00,171.89,171.89,170.77,171.57,173.11
2026-02-21 16:30:00+00:00,171.57,171.57,171.39,171.51,34.69
2026-02-21 16:45:00+00:00,171.51,171.51,171.51,171.51,0.0
2026-02-21 17:00:00+00:00,171.51,171.51,171.46,171.47,7.55
2026-02-21 17:15:00+00:00,171.47,171.52,171.47,171.52,4.77
2026-02-21 17:30:00+00:00,171.52,171.72,171.52,171.72,0.04
2026-02-21 17:45:00+00:00,171.72,171.72,171.61,171.71,3.33
2026-02-21 18:00:00+00:00,171.71,171.71,171.61,171.61,0.6
2026-02-21 18:15:00+00:00,171.61,171.73,171.47,171.47,1.63
2026-02-21 18:30:00+00:00,171.47,171.47,171.47,171.47,0.0
2026-02-21 18:45:00+00:00,171.47,171.47,171.47,171.47,0.0
2026-02-21 19:00:00+00:00,171.47,171.83,171.47,171.83,27.03
2026-02-21 19:15:00+00:00,171.83,171.96,171.83,171.96,7.96
2026-02-21 19:30:00+00:00,171.96,171.96,171.49,171.49,0.34
2026-02-21 19:45:00+00:00,171.49,171.49,171.49,171.49,0.4
2026-02-21 20:00:00+00:00,171.49,171.49,171.42,171.42,4.0
2026-02-21 20:15:00+00:00,171.42,171.42,171.42,171.42,0.3
2026-02-21 20:30:00+00:00,171.42,171.82,171.42,171.42,15.02
2026-02-21 20:45:00+00:00,171.42,171.43,171.41,171.41,6.7
2026-02-21 21:00:00+00:00,171.41,171.45,171.3,171.45,24.32
2026-02-21 21:15:00+00:00,171.45,171.45,171.45,171.45,0.0
2026-02-21 21:30:00+00:00,171.45,171.47,171.45,171.47,2.61
2026-02-21 21:45:00+00:00,171.47,171.47,171.47,171.47,0.0
2026-02-21 22:00:00+00:00,171.47,171.51,171.47,171.51,2.14
2026-02-21 22:15:00+00:00,171.51,171.65,171.35,171.36,49.09
2026-02-21 22:30:00+00:00,171.36,171.36,170.84,171.17,16.12
2026-02-21 22:45:00+00:00,171.17,171.4,171.17,171.33,6.74
2026-02-21 23:00:00+00:00,171.33,171.34,171.24,171.25,83.25
2026-02-21 23:15:00+00:00,171.25,171.26,171.24,171.26,81.54
2026-02-21 23:30:00+00:00,171.26,171.3,171.26,171.3,5.32
2026-02-21 23:45:00+00:00,171.3,171.3,171.28,171.28,2.0
2026-02-22 00:00:00+00:00,171.28,171.39,171.25,171.35,136.4
2026-02-22 00:15:00+00:00,171.35,171.44,171.3,171.39,235.6
2026-02-22 00:30:00+00:00,171.39,171.45,171.39,171.41,12.6
2026-02-22 00:45:00+00:00,171.41,171.45,171.36,171.36,25.79
2026-02-22 01:00:00+00:00,171.36,171.38,171.36,171.37,7.64
2026-02-22 01:15:00+00:00,171.37,171.39,171.37,171.37,3.69
2026-02-22 01:30:00+00:00,171.37,171.37,171.37,171.37,0.0
2026-02-22 01:45:00+00:00,171.37,171.37,171.37,171.37,0.0
2026-02-22 02:00:00+00:00,171.37,171.51,171.37,171.51,0.91
2026-02-22 02:15:00+00:00,171.51,171.51,171.51,171.51,0.0
2026-02-22 02:30:00+00:00,171.51,171.52,171.51,171.52,6.11
2026-02-22 02:45:00+00:00,171.52,171.52,171.37,171.37,0.28
2026-02-22 03:00:00+00:00,171.37,171.37,171.37,171.37,0.0
2026-02-22 03:15:00+00:00,171.37,171.37,171.37,171.37,2.69
2026-02-22 03:30:00+00:00,171.37,171.52,171.37,171.52,5.51
2026-02-22 03:45:00+00:00,171.52,171.52,171.38,171.52,3.0
2026-02-22 04:00:00+00:00,171.52,171.52,171.37,171.37,1.56
2026-02-22 04:15:00+00:00,171.37,171.37,171.37,171.37,0.0
2026-02-22 04:30:00+00:00,171.37,171.37,171.37,171.37,0.0
2026-02-22 04:45:00+00:00,171.37,171.37,171.37,171.37,0.0
2026-02-22 05:00:00+00:00,171.37,171.37,171.37,171.37,0.0
2026-02-22 05:15:00+00:00,171.37,171.37,171.37,171.37,0.0
2026-02-22 05:30:00+00:00,171.37,171.51,171.37,171.51,1.56
2026-02-22 05:45:00+00:00,171.51,171.51,171.36,171.36,14.74
2026-02-22 06:00:00+00:00,171.36,171.36,171.36,171.36,0.0
2026-02-22 06:15:00+00:00,171.36,171.36,171.36,171.36,0.0
2026-02-22 06:30:00+00:00,171.36,171.39,171.35,171.35,2.0
2026-02-22 06:45:00+00:00,171.35,171.35,171.35,171.35,0.0
2026-02-22 07:00:00+00:00,171.35,171.51,171.35,171.51,3.12
2026-02-22 07:15:00+00:00,171.51,171.51,171.35,171.35,1.55
2026-02-22 07:30:00+00:00,171.35,171.38,171.35,171.36,2.32
2026-02-22 07:45:00+00:00,171.36,171.36,171.24,171.24,26.85
2026-02-22 08:00:00+00:00,171.24,171.41,171.24,171.41,0.08
2026-02-22 08:15:00+00:00,171.41,171.41,171.28,171.37,21.03
2026-02-22 08:30:00+00:00,171.37,171.37,171.37,171.37,0.0
2026-02-22 08:45:00+00:00,171.37,171.38,171.37,171.37,6.58
2026-02-22 09:00:00+00:00,171.37,171.43,171.37,171.43,10.6
2026-02-22 09:15:00+00:00,171.43,171.44,171.43,171.43,6.4
2026-02-22 09:30:00+00:00,171.43,171.46,171.24,171.25,20.53
2026-02-22 09:45:00+00:00,171.25,171.4,171.25,171.33,0.93
2026-02-22 10:00:00+00:00,171.33,171.45,171.33,171.45,0.41
2026-02-22 10:15:00+00:00,171.45,171.49,171.36,171.49,1.75
2026-02-22 10:30:00+00:00,171.49,171.49,171.29,171.29,14.64
2026-02-22 10:45:00+00:00,171.29,171.36,171.29,171.35,0.2
2026-02-22 11:00:00+00:00,171.35,171.36,171.35,171.36,2.38
2026-02-22 11:15:00+00:00,171.36,171.45,171.36,171.37,1.36
2026-02-22 11:30:00+00:00,171.37,171.37,171.35,171.35,2.6
2026-02-22 11:45:00+00:00,171.35,171.39,171.35,171.36,2.37
2026-02-22 12:00:00+00:00,171.36,171.5,171.17,171.5,11.51
2026-02-22 12:15:00+00:00,171.5,171.5,171.33,171.33,1.38
2026-02-22 12:30:00+00:00,171.33,171.34,171.17,171.17,17.25
2026-02-22 12:45:00+00:00,171.17,171.27,171.17,171.27,11.2
2026-02-22 13:00:00+00:00,171.27,171.27,171.27,171.27,0.0
2026-02-22 13:15:00+00:00,171.27,171.27,171.27,171.27,0.0
2026-02-22 13:30:00+00:00,171.27,171.27,170.71,170.8,100.88
2026-02-22 13:45:00+00:00,170.8,170.9,170.8,170.84,57.06
2026-02-22 14:00:00+00:00,170.84,171.01,170.7,170.95,314.21
2026-02-22 14:15:00+00:00,170.95,170.97,170.84,170.84,32.25
2026-02-22 14:30:00+00:00,170.84,170.97,170.7,170.76,349.36
2026-02-22 14:45:00+00:00,170.76,170.86,170.71,170.8,271.81
2026-02-22 15:00:00+00:00,170.8,170.8,170.75,170.77,161.8
2026-02-22 15:15:00+00:00,170.77,170.92,170.75,170.92,5.92
2026-02-22 15:30:00+00:00,170.92,170.92,170.92,170.92,0.0
2026-02-22 15:45:00+00:00,170.92,171.16,170.92,171.13,1.03
2026-02-22 16:00:00+00:00,171.13,171.13,170.74,170.84,21.35
2026-02-22 16:15:00+00:00,170.84,171.0,170.84,170.85,0.3
2026-02-22 16:30:00+00:00,170.85,170.85,170.85,170.85,0.0
2026-02-22 16:45:00+00:00,170.85,170.85,170.85,170.85,0.0
2026-02-22 17:00:00+00:00,170.85,170.85,170.84,170.84,0.71
2026-02-22 17:15:00+00:00,170.84,170.84,170.84,170.84,0.0
2026-02-22 17:30:00+00:00,170.84,170.84,170.65,170.67,216.92
2026-02-22 17:45:00+00:00,170.67,170.75,170.62,170.66,20.15
2026-02-22 18:00:00+00:00,170.66,170.79,170.43,170.74,15.03
2026-02-22 18:15:00+00:00,170.74,171.01,170.23,170.93,105.43
2026-02-22 18:30:00+00:00,170.93,171.01,170.4,170.84,175.82
2026-02-22 18:45:00+00:00,170.84,170.92,170.44,170.7,46.19
2026-02-22 19:00:00+00:00,170.7,170.82,170.7,170.82,0.06
2026-02-22 19:15:00+00:00,170.82,170.82,170.56,170.56,0.76
2026-02-22 19:30:00+00:00,170.56,170.94,170.56,170.78,42.74
2026-02-22 19:45:00+00:00,170.78,170.9,170.78,170.9,0.72
2026-02-22 20:00:00+00:00,170.9,170.9,170.44,170.44,1.57
2026-02-22 20:15:00+00:00,170.44,171.01,170.27,170.92,186.18
2026-02-22 20:30:00+00:00,170.92,171.0,170.23,171.0,20.35
2026-02-22 20:45:00+00:00,171.0,171.0,170.38,170.38,0.08
2026-02-22 21:00:00+00:00,170.38,171.0,170.38,170.73,4.02
2026-02-22 21:15:00+00:00,170.73,170.9,170.66,170.71,12.52
2026-02-22 21:30:00+00:00,170.71,170.71,170.7,170.7,0.73
2026-02-22 21:45:00+00:00,170.7,170.7,170.7,170.7,0.0
2026-02-22 22:00:00+00:00,170.7,170.79,170.68,170.68,4.2
2026-02-22 22:15:00+00:00,170.68,171.02,170.29,171.02,6.02
2026-02-22 22:30:00+00:00,171.02,171.13,170.59,171.13,1.83
2026-02-22 22:45:00+00:00,171.13,171.13,170.53,171.07,4.48
2026-02-22 23:00:00+00:00,171.07,171.07,171.07,171.07,0.0
2026-02-22 23:15:00+00:00,171.07,171.07,170.41,170.41,5.92
2026-02-22 23:30:00+00:00,170.41,170.63,170.32,170.32,21.02
2026-02-22 23:45:00+00:00,170.32,170.77,170.16,170.75,22.73
2026-02-23 00:00:00+00:00,170.75,170.77,170.23,170.29,35.78
2026-02-23 00:15:00+00:00,170.29,170.33,170.29,170.33,9.46
2026-02-23 00:30:00+00:00,170.33,170.89,169.69,169.69,192.85
2026-02-23 00:45:00+00:00,169.69,170.98,169.09,169.09,556.85
2026-02-23 01:00:00+00:00,169.09,169.41,165.54,166.15,828.36
2026-02-23 01:15:00+00:00,166.15,166.35,165.44,165.97,600.89
2026-02-23 01:30:00+00:00,165.97,166.29,165.56,166.27,177.65
2026-02-23 01:45:00+00:00,166.27,166.47,164.81,165.45,555.11
2026-02-23 02:00:00+00:00,165.45,165.94,165.12,165.71,1030.5
2026-02-23 02:15:00+00:00,165.71,166.15,165.41,165.88,321.07
2026-02-23 02:30:00+00:00,165.88,166.56,165.88,166.22,360.67
2026-02-23 02:45:00+00:00,166.22,166.25,165.95,166.11,71.1
2026-02-23 03:00:00+00:00,166.11,166.69,166.11,166.4,231.61
2026-02-23 03:15:00+00:00,166.4,166.4,165.79,165.79,102.07
2026-02-23 03:30:00+00:00,165.79,166.5,165.79,166.43,253.44
2026-02-23 03:45:00+00:00,166.43,166.56,166.42,166.42,30.08
2026-02-23 04:00:00+00:00,166.42,166.46,166.3,166.46,4.29
2026-02-23 04:15:00+00:00,166.46,166.46,165.96,166.21,273.29
2026-02-23 04:30:00+00:00,166.21,166.32,165.76,165.85,88.83
2026-02-23 04:45:00+00:00,165.85,166.15,165.85,166.14,104.73
2026-02-23 05:00:00+00:00,166.14,166.56,166.05,166.42,166.53
2026-02-23 05:15:00+00:00,166.42,166.44,166.23,166.39,306.73
2026-02-23 05:30:00+00:00,166.39,166.54,166.3,166.54,22.0
2026-02-23 05:45:00+00:00,166.54,166.7,166.5,166.7,98.62
2026-02-23 06:00:00+00:00,166.7,167.24,166.63,167.24,158.79
2026-02-23 06:15:00+00:00,167.24,167.24,167.07,167.19,19.43
2026-02-23 06:30:00+00:00,167.19,167.88,167.13,167.82,137.27
2026-02-23 06:45:00+00:00,167.82,168.21,167.82,168.21,32.1
2026-02-23 07:00:00+00:00,168.21,168.67,168.18,168.57,142.88
2026-02-23 07:15:00+00:00,168.57,168.67,168.13,168.34,1228.23
2026-02-23 07:30:00+00:00,168.34,169.01,168.22,168.86,565.86
2026-02-23 07:45:00+00:00,168.86,169.19,168.81,169.19,263.86
2026-02-23 08:00:00+00:00,169.19,169.19,167.63,168.04,1019.43
2026-02-23 08:15:00+00:00,168.04,168.08,167.66,167.72,99.21
2026-02-23 08:30:00+00:00,167.72,167.77,167.34,167.39,57.3
2026-02-23 08:45:00+00:00,167.39,168.08,167.39,167.87,80.18
2026-02-23 09:00:00+00:00,167.87,168.58,167.55,168.4,748.97
2026-02-23 09:15:00+00:00,168.4,168.41,168.09,168.28,78.83
2026-02-23 09:30:00+00:00,168.28,169.03,168.28,168.89,171.6
2026-02-23 09:45:00+00:00,168.89,169.18,168.69,168.73,84.4
2026-02-23 10:15:00+00:00,168.62,168.62,168.33,168.33,2.73
2026-02-23 10:30:00+00:00,168.33,168.33,168.07,168.25,24.43
2026-02-23 10:45:00+00:00,168.25,168.31,168.06,168.31,126.23
2026-02-23 11:00:00+00:00,168.31,168.48,168.2,168.48,16.63
2026-02-23 11:15:00+00:00,168.48,168.67,168.37,168.37,75.94
2026-02-23 11:30:00+00:00,168.37,168.37,168.11,168.11,14.87
2026-02-23 11:45:00+00:00,168.11,168.11,167.58,167.6,21.98
2026-02-23 12:00:00+00:00,167.6,167.93,167.6,167.89,49.23
2026-02-23 12:15:00+00:00,167.89,167.89,167.71,167.71,0.93
2026-02-23 12:30:00+00:00,167.71,168.13,167.18,168.13,347.78
2026-02-23 12:45:00+00:00,168.13,168.32,167.81,167.81,70.01
2026-02-23 13:00:00+00:00,167.81,167.95,167.81,167.95,4.0
2026-02-23 13:15:00+00:00,167.95,168.25,167.95,167.95,23.03
2026-02-23 13:30:00+00:00,167.95,167.95,167.65,167.65,0.27
2026-02-23 13:45:00+00:00,167.65,167.77,167.65,167.67,5.73
2026-02-23 14:00:00+00:00,167.67,168.12,167.67,168.12,6.0
2026-02-23 14:15:00+00:00,168.12,168.12,166.36,166.43,476.57
2026-02-23 14:30:00+00:00,166.43,166.43,162.42,164.21,1892.79
2026-02-23 14:45:00+00:00,164.21,167.43,164.15,166.8,983.04
2026-02-23 15:00:00+00:00,166.8,168.12,164.31,164.83,1019.41
2026-02-23 15:15:00+00:00,164.83,166.95,164.46,165.89,365.61
2026-02-23 15:30:00+00:00,165.89,166.77,165.49,165.93,150.33
2026-02-23 15:45:00+00:00,165.93,166.23,163.38,163.52,91.65
2026-02-23 16:00:00+00:00,163.52,163.59,162.74,162.74,73.08
2026-02-23 16:15:00+00:00,162.74,163.81,162.31,163.81,118.23
2026-02-23 16:30:00+00:00,163.81,164.5,163.52,163.87,91.3
2026-02-23 16:45:00+00:00,163.87,163.92,163.25,163.32,12.96
2026-02-23 17:00:00+00:00,163.32,163.32,162.56,162.64,24.66
2026-02-23 17:15:00+00:00,162.64,162.64,161.92,161.96,12.4
2026-02-23 17:30:00+00:00,161.96,161.96,160.76,161.76,553.83
2026-02-23 17:45:00+00:00,161.76,161.76,160.84,161.11,59.3
2026-02-23 18:00:00+00:00,161.11,161.58,161.02,161.49,25.89
2026-02-23 18:15:00+00:00,161.49,161.58,161.01,161.08,38.67
2026-02-23 18:30:00+00:00,161.08,161.87,160.76,160.85,843.58
2026-02-23 18:45:00+00:00,160.85,161.31,159.89,160.04,416.78
2026-02-23 19:00:00+00:00,160.04,160.64,160.04,160.3,779.13
2026-02-23 19:15:00+00:00,160.3,160.32,159.56,159.76,87.35
2026-02-23 19:30:00+00:00,159.76,160.24,159.51,160.04,436.26
2026-02-23 19:45:00+00:00,160.04,160.43,159.54,160.03,129.0
2026-02-23 20:00:00+00:00,160.03,160.03,159.72,159.77,43.48
2026-02-23 20:15:00+00:00,159.77,159.77,159.07,159.13,49.54
2026-02-23 20:30:00+00:00,159.13,159.77,158.93,159.43,198.37
2026-02-23 20:45:00+00:00,159.43,160.24,159.11,160.16,108.4
2026-02-23 21:00:00+00:00,160.16,160.76,160.14,160.75,213.85
2026-02-23 21:15:00+00:00,160.75,160.75,160.22,160.22,28.43
2026-02-23 21:30:00+00:00,160.22,160.57,160.22,160.39,19.56
2026-02-23 21:45:00+00:00,160.39,160.51,160.39,160.51,16.74
2026-02-23 22:00:00+00:00,160.51,160.64,160.51,160.64,4.77
2026-02-23 22:15:00+00:00,160.64,160.65,160.64,160.64,23.0
2026-02-23 22:30:00+00:00,160.64,160.66,160.64,160.66,1.51
2026-02-23 22:45:00+00:00,160.66,160.66,160.66,160.66,0.0
2026-02-23 23:00:00+00:00,160.66,160.85,160.66,160.85,0.62
2026-02-23 23:15:00+00:00,160.85,160.85,160.85,160.85,0.0
2026-02-23 23:30:00+00:00,160.85,160.85,160.44,160.75,2.68
2026-02-23 23:45:00+00:00,160.75,160.75,160.75,160.75,0.0
2026-02-24 00:00:00+00:00,160.75,160.75,160.27,160.57,12.98
2026-02-24 00:15:00+00:00,160.57,160.57,160.57,160.57,0.0
2026-02-24 00:30:00+00:00,160.57,160.58,160.36,160.36,3.49
2026-02-24 00:45:00+00:00,160.36,160.69,160.36,160.37,10.76
2026-02-24 01:00:00+00:00,160.37,161.29,159.77,159.77,295.82
2026-02-24 01:15:00+00:00,159.77,160.22,158.61,160.22,495.29
2026-02-24 01:30:00+00:00,160.22,160.27,159.78,160.06,37.87
2026-02-24 01:45:00+00:00,160.06,160.24,159.39,159.45,396.1
2026-02-24 02:00:00+00:00,159.45,159.72,159.36,159.72,15.29
2026-02-24 02:15:00+00:00,159.72,159.78,159.38,159.78,16.45
2026-02-24 02:30:00+00:00,159.78,159.96,159.51,159.58,47.72
2026-02-24 02:45:00+00:00,159.58,159.75,159.58,159.64,14.71
2026-02-24 03:00:00+00:00,159.64,159.64,158.82,158.82,206.34
2026-02-24 03:15:00+00:00,158.82,159.32,158.82,159.07,25.76
2026-02-24 03:30:00+00:00,159.07,159.2,158.82,159.12,60.62
2026-02-24 03:45:00+00:00,159.12,159.12,158.41,158.84,68.34
2026-02-24 04:00:00+00:00,158.84,158.84,157.68,157.68,241.15
2026-02-24 04:15:00+00:00,157.68,158.96,157.34,158.34,496.39
2026-02-24 04:30:00+00:00,158.34,158.38,158.05,158.24,14.57
2026-02-24 04:45:00+00:00,158.24,158.92,158.24,158.92,10.57
2026-02-24 05:00:00+00:00,158.92,159.02,158.72,159.02,12.85
2026-02-24 05:15:00+00:00,159.02,159.04,157.71,157.71,218.46
2026-02-24 05:30:00+00:00,157.71,158.3,157.71,158.12,122.76
2026-02-24 05:45:00+00:00,158.12,158.44,157.64,158.37,230.59
2026-02-24 06:00:00+00:00,158.37,158.56,158.09,158.35,118.75
2026-02-24 06:15:00+00:00,158.35,158.44,158.35,158.44,2.25
2026-02-24 06:30:00+00:00,158.44,158.44,158.31,158.39,19.5
2026-02-24 06:45:00+00:00,158.39,158.39,158.09,158.25,21.45
2026-02-24 07:00:00+00:00,158.25,158.64,158.25,158.56,13.74
2026-02-24 07:15:00+00:00,158.56,158.56,158.25,158.43,2.75
2026-02-24 07:30:00+00:00,158.43,158.43,158.05,158.05,12.65
2026-02-24 07:45:00+00:00,158.05,158.21,158.05,158.21,13.26
2026-02-24 08:00:00+00:00,158.21,158.21,157.65,158.1,61.12
2026-02-24 08:15:00+00:00,158.1,158.36,157.95,158.36,8.97
2026-02-24 08:30:00+00:00,158.36,158.69,158.3,158.69,72.05
2026-02-24 08:45:00+00:00,158.69,158.69,158.37,158.44,8.24
2026-02-24 09:00:00+00:00,158.44,158.88,157.98,158.14,1194.49
2026-02-24 09:15:00+00:00,158.14,158.31,157.9,157.9,72.27
2026-02-24 09:30:00+00:00,157.9,158.14,157.72,157.99,9.94
2026-02-24 09:45:00+00:00,157.99,158.19,157.96,158.19,1.12
2026-02-24 10:00:00+00:00,158.19,158.31,158.13,158.13,12.66
2026-02-24 10:15:00+00:00,158.13,158.25,158.05,158.25,2.86
2026-02-24 10:30:00+00:00,158.25,158.25,158.05,158.05,2.21
2026-02-24 10:45:00+00:00,158.05,158.05,158.05,158.05,0.0
2026-02-24 11:00:00+00:00,158.05,158.08,157.95,157.95,2.32
2026-02-24 11:15:00+00:00,157.95,157.95,157.79,157.79,5.47
2026-02-24 11:30:00+00:00,157.79,157.79,157.67,157.67,2.0
2026-02-24 11:45:00+00:00,157.67,157.72,157.49,157.68,14.62
2026-02-24 12:00:00+00:00,157.68,158.07,157.54,158.05,15.54
2026-02-24 12:15:00+00:00,158.05,158.13,158.0,158.13,5.23
2026-02-24 12:30:00+00:00,158.13,158.13,157.58,157.58,3.74
2026-02-24 12:45:00+00:00,157.58,157.58,157.39,157.39,3.36
2026-02-24 13:00:00+00:00,157.39,157.49,157.24,157.49,4.83
2026-02-24 13:15:00+00:00,157.49,157.51,157.2,157.2,8.17
2026-02-24 13:30:00+00:00,157.2,157.49,156.7,157.49,49.46
2026-02-24 13:45:00+00:00,157.49,157.5,157.31,157.33,10.43
2026-02-24 14:00:00+00:00,157.33,157.4,157.01,157.1,35.26
2026-02-24 14:15:00+00:00,157.1,157.12,155.68,156.33,579.79
2026-02-24 14:30:00+00:00,156.33,156.58,153.07,156.03,9005.3
2026-02-24 14:45:00+00:00,156.03,157.23,155.0,155.64,2192.02
2026-02-24 15:00:00+00:00,155.64,156.94,154.45,156.03,797.59
2026-02-24 15:15:00+00:00,156.03,158.57,155.82,158.57,471.41
2026-02-24 15:30:00+00:00,158.57,159.91,157.9,157.9,1712.92
2026-02-24 15:45:00+00:00,157.9,158.32,157.44,157.77,1503.25
2026-02-24 16:00:00+00:00,157.77,158.83,157.12,157.64,1509.61
2026-02-24 16:15:00+00:00,157.64,158.95,157.36,158.81,564.35
2026-02-24 16:30:00+00:00,158.81,158.98,157.74,158.47,512.59
2026-02-24 16:45:00+00:00,158.47,159.46,157.99,159.38,114.21
2026-02-24 17:00:00+00:00,159.38,159.57,158.45,158.68,1060.61
2026-02-24 17:15:00+00:00,158.68,158.99,158.53,158.55,383.33
2026-02-24 17:30:00+00:00,158.55,159.15,158.52,158.82,102.71
2026-02-24 17:45:00+00:00,158.82,159.44,158.82,159.44,244.99
2026-02-24 18:00:00+00:00,159.44,159.77,158.78,158.78,402.63
2026-02-24 18:15:00+00:00,158.78,159.66,158.78,159.51,532.88
2026-02-24 18:30:00+00:00,159.51,161.15,159.51,160.9,145.76
2026-02-24 18:45:00+00:00,160.9,162.0,160.9,161.64,167.56
2026-02-24 19:00:00+00:00,161.64,162.42,160.76,160.76,90.18
2026-02-24 19:15:00+00:00,160.76,160.92,160.18,160.73,519.96
2026-02-24 19:30:00+00:00,160.73,161.15,160.53,160.7,23.78
2026-02-24 19:45:00+00:00,160.7,160.78,159.69,159.69,171.92
2026-02-24 20:00:00+00:00,159.69,160.63,159.68,159.7,85.4
2026-02-24 20:15:00+00:00,159.7,160.43,159.7,160.24,33.15
2026-02-24 20:30:00+00:00,160.24,161.25,160.17,160.72,58.6
2026-02-24 20:45:00+00:00,160.72,162.1,160.65,162.1,167.57
2026-02-24 21:00:00+00:00,162.1,162.7,161.97,162.3,446.33
2026-02-24 21:15:00+00:00,162.3,162.43,161.72,161.84,10.19
2026-02-24 21:30:00+00:00,161.84,162.1,161.72,162.09,20.02
2026-02-24 21:45:00+00:00,162.09,162.09,161.61,161.61,1.35
2026-02-24 22:00:00+00:00,161.61,162.3,161.61,162.3,11.28
2026-02-24 22:15:00+00:00,162.3,162.3,161.68,161.68,14.87
2026-02-24 22:30:00+00:00,161.68,161.68,161.68,161.68,0.0
2026-02-24 22:45:00+00:00,161.68,161.91,161.68,161.91,0.15
2026-02-24 23:00:00+00:00,161.91,161.94,161.63,161.94,1.65
2026-02-24 23:15:00+00:00,161.94,161.98,161.85,161.91,1.2
2026-02-24 23:30:00+00:00,161.91,161.91,161.58,161.7,3.18
2026-02-24 23:45:00+00:00,161.7,161.79,161.7,161.73,2.43
2026-02-25 00:00:00+00:00,161.73,161.96,161.71,161.74,28.45
2026-02-25 00:15:00+00:00,161.74,161.82,161.58,161.58,3.94
2026-02-25 00:30:00+00:00,161.58,161.95,161.58,161.95,1.14
2026-02-25 00:45:00+00:00,161.95,161.95,161.83,161.83,0.94
2026-02-25 01:00:00+00:00,161.83,164.7,161.83,164.21,191.58
2026-02-25 01:15:00+00:00,164.21,167.0,163.77,166.58,306.58
2026-02-25 01:30:00+00:00,166.58,167.89,166.25,166.9,159.16
2026-02-25 01:45:00+00:00,166.9,167.28,166.15,166.15,228.98
2026-02-25 02:00:00+00:00,166.15,167.01,166.05,166.95,95.52
2026-02-25 02:15:00+00:00,166.95,166.95,166.58,166.64,91.64
2026-02-25 02:30:00+00:00,166.64,166.91,166.31,166.37,126.18
2026-02-25 02:45:00+00:00,166.37,166.47,166.06,166.09,33.23
2026-02-25 03:00:00+00:00,166.09,166.18,165.75,165.84,28.2
2026-02-25 03:15:00+00:00,165.84,165.87,165.07,165.35,105.31
2026-02-25 03:30:00+00:00,165.35,165.45,164.69,164.99,76.04
2026-02-25 03:45:00+00:00,164.99,165.12,164.74,165.08,47.63
2026-02-25 04:00:00+00:00,165.08,165.08,164.04,164.48,46.22
2026-02-25 04:15:00+00:00,164.48,164.65,164.24,164.62,49.59
2026-02-25 04:30:00+00:00,164.62,164.86,164.54,164.85,30.72
2026-02-25 04:45:00+00:00,164.85,164.86,164.41,164.44,45.96
2026-02-25 05:00:00+00:00,164.44,164.76,164.25,164.34,40.08
2026-02-25 05:15:00+00:00,164.34,164.34,163.68,163.86,24.72
2026-02-25 05:30:00+00:00,163.86,163.94,163.1,163.29,66.69
2026-02-25 05:45:00+00:00,163.29,163.77,163.22,163.22,35.98
2026-02-25 06:00:00+00:00,163.22,163.81,163.22,163.65,38.88
2026-02-25 06:15:00+00:00,163.65,163.85,163.23,163.77,98.07
2026-02-25 06:30:00+00:00,163.77,164.0,163.72,163.84,32.16
2026-02-25 06:45:00+00:00,163.84,163.84,163.38,163.38,104.91
2026-02-25 07:00:00+00:00,163.38,163.69,163.38,163.69,123.4
2026-02-25 07:15:00+00:00,163.69,164.17,163.69,163.73,243.42
2026-02-25 07:30:00+00:00,163.73,163.85,163.56,163.59,114.55
2026-02-25 07:45:00+00:00,163.59,163.71,163.35,163.5,209.61
2026-02-25 08:00:00+00:00,163.5,164.22,163.5,163.95,314.14
2026-02-25 08:15:00+00:00,163.95,164.61,163.9,164.4,122.23
2026-02-25 08:30:00+00:00,164.4,165.47,164.38,164.81,238.01
2026-02-25 08:45:00+00:00,164.81,165.2,164.81,165.02,34.41
2026-02-25 09:00:00+00:00,165.02,165.36,164.69,165.32,95.46
2026-02-25 09:15:00+00:00,165.32,165.58,165.27,165.35,70.93
2026-02-25 09:30:00+00:00,165.35,165.35,165.09,165.34,47.9
2026-02-25 09:45:00+00:00,165.34,165.58,165.26,165.48,90.48
2026-02-25 10:00:00+00:00,165.48,165.63,165.28,165.55,30.6
2026-02-25 10:15:00+00:00,165.55,166.3,165.42,165.9,93.41
2026-02-25 10:30:00+00:00,165.9,165.9,165.56,165.78,31.12
2026-02-25 10:45:00+00:00,165.78,166.0,165.61,165.62,8.86
2026-02-25 11:00:00+00:00,165.62,165.73,165.22,165.54,75.6
2026-02-25 11:15:00+00:00,165.54,167.21,165.12,166.74,254.86
2026-02-25 11:30:00+00:00,166.74,170.21,166.74,169.44,176.19
2026-02-25 11:45:00+00:00,169.44,169.51,168.56,168.56,185.82
2026-02-25 12:00:00+00:00,168.56,169.21,168.09,168.6,118.2
2026-02-25 12:30:00+00:00,168.8,169.11,168.44,168.94,88.2
2026-02-25 12:45:00+00:00,168.94,169.32,168.66,169.09,22.04
2026-02-25 13:00:00+00:00,169.09,169.77,168.99,169.46,105.92
2026-02-25 13:15:00+00:00,169.46,170.18,168.92,170.02,57.69
2026-02-25 13:30:00+00:00,170.02,170.61,169.27,170.31,99.98
2026-02-25 13:45:00+00:00,170.31,171.16,170.31,170.55,33.64
2026-02-25 14:00:00+00:00,170.55,173.09,170.55,171.92,262.74
2026-02-25 14:15:00+00:00,171.92,172.6,171.35,172.0,232.28
2026-02-25 14:30:00+00:00,172.0,174.73,169.81,170.21,2743.46
2026-02-25 14:45:00+00:00,170.21,173.03,170.21,171.71,1004.53
2026-02-25 15:00:00+00:00,171.71,173.8,171.71,173.7,535.24
2026-02-25 15:15:00+00:00,173.7,174.23,172.2,173.59,212.34
2026-02-25 15:30:00+00:00,173.59,176.51,173.59,176.43,869.87
2026-02-25 15:45:00+00:00,176.43,178.6,176.23,177.29,655.07
2026-02-25 16:00:00+00:00,177.29,179.0,176.84,177.91,546.07
2026-02-25 16:15:00+00:00,177.91,179.88,177.76,179.71,640.82
2026-02-25 16:30:00+00:00,179.71,181.16,179.71,181.16,838.95
2026-02-25 16:45:00+00:00,181.16,182.39,180.83,182.22,263.79
2026-02-25 17:00:00+00:00,182.22,184.28,181.86,184.28,278.03
2026-02-25 17:15:00+00:00,184.28,184.52,183.26,183.65,212.73
2026-02-25 17:30:00+00:00,183.65,185.1,182.71,183.89,271.77
2026-02-25 17:45:00+00:00,183.89,184.17,182.99,183.25,160.67
2026-02-25 18:00:00+00:00,183.25,183.97,182.51,183.44,578.0
2026-02-25 18:15:00+00:00,183.44,185.09,182.75,184.78,277.84
2026-02-25 18:30:00+00:00,184.78,184.78,183.47,183.91,293.63
2026-02-25 18:45:00+00:00,183.91,184.5,183.31,184.42,158.24
2026-02-25 19:00:00+00:00,184.42,185.48,184.34,184.84,832.96
2026-02-25 19:15:00+00:00,184.84,185.29,183.94,184.3,785.5
2026-02-25 19:30:00+00:00,184.3,184.96,183.78,184.96,653.91
2026-02-25 19:45:00+00:00,184.96,185.44,184.7,185.02,422.2
2026-02-25 20:00:00+00:00,185.02,185.43,183.8,183.95,548.26
2026-02-25 20:15:00+00:00,183.95,184.8,182.88,182.9,485.53
2026-02-25 20:30:00+00:00,182.9,184.35,182.9,184.32,67.35
2026-02-25 20:45:00+00:00,184.32,184.61,183.63,183.85,122.51
2026-02-25 21:00:00+00:00,183.85,184.11,183.5,183.84,105.15
2026-02-25 21:15:00+00:00,183.84,183.84,182.93,183.0,22.19
2026-02-25 21:30:00+00:00,183.0,185.47,182.99,184.4,307.64
2026-02-25 21:45:00+00:00,184.4,184.72,183.66,184.72,123.19
2026-02-25 22:00:00+00:00,184.72,184.72,184.0,184.25,55.57
2026-02-25 22:15:00+00:00,184.25,184.32,182.77,182.77,78.75
2026-02-25 22:30:00+00:00,182.77,182.77,181.57,181.57,46.47
2026-02-25 22:45:00+00:00,181.57,181.98,180.78,181.89,65.54
2026-02-25 23:00:00+00:00,181.89,182.82,181.77,182.6,46.98
2026-02-25 23:15:00+00:00,182.6,182.6,181.94,182.37,35.59
2026-02-25 23:30:00+00:00,182.37,182.37,180.41,180.79,167.37
2026-02-25 23:45:00+00:00,180.79,181.29,180.63,181.11,17.26
2026-02-26 00:00:00+00:00,181.11,181.31,180.77,181.31,16.84
2026-02-26 00:15:00+00:00,181.31,181.94,181.31,181.71,45.41
2026-02-26 00:30:00+00:00,181.71,181.97,181.51,181.71,51.19
2026-02-26 00:45:00+00:00,181.71,182.16,181.71,182.16,22.1
2026-02-26 01:00:00+00:00,182.16,182.46,181.41,182.06,50.8
2026-02-26 01:15:00+00:00,182.06,182.62,182.06,182.45,52.09
2026-02-26 01:30:00+00:00,182.45,182.65,182.1,182.64,30.17
2026-02-26 01:45:00+00:00,182.64,182.64,182.16,182.39,10.38
2026-02-26 02:00:00+00:00,182.39,182.39,181.0,181.16,29.98
2026-02-26 02:15:00+00:00,181.16,181.56,181.16,181.43,56.01
2026-02-26 02:30:00+00:00,181.43,181.66,181.19,181.54,36.66
2026-02-26 02:45:00+00:00,181.54,182.12,181.54,181.99,27.54
2026-02-26 03:00:00+00:00,181.99,182.08,181.78,181.92,38.43
2026-02-26 03:15:00+00:00,181.92,182.05,181.68,181.78,53.0
2026-02-26 03:30:00+00:00,181.78,182.07,181.78,182.07,18.52
2026-02-26 03:45:00+00:00,182.07,182.22,182.02,182.03,17.56
2026-02-26 04:00:00+00:00,182.03,182.56,182.03,182.46,56.29
2026-02-26 04:15:00+00:00,182.46,182.85,182.46,182.65,7.8
2026-02-26 04:30:00+00:00,182.65,183.43,182.65,183.4,25.85
2026-02-26 04:45:00+00:00,183.4,183.4,183.0,183.0,20.78
2026-02-26 05:00:00+00:00,183.0,183.45,182.51,183.01,83.42
2026-02-26 05:15:00+00:00,183.01,183.46,182.84,183.38,78.57
2026-02-26 05:30:00+00:00,183.38,183.38,182.98,183.16,16.37
2026-02-26 05:45:00+00:00,183.16,183.16,182.86,182.86,35.7
2026-02-26 06:00:00+00:00,182.86,183.18,182.7,183.15,9.64
2026-02-26 06:15:00+00:00,183.15,183.29,182.7,182.7,17.98
2026-02-26 06:30:00+00:00,182.7,182.7,182.36,182.41,27.55
2026-02-26 06:45:00+00:00,182.41,182.45,182.32,182.37,10.86
2026-02-26 07:00:00+00:00,182.37,182.65,182.37,182.65,15.67
2026-02-26 07:15:00+00:00,182.65,182.65,181.96,181.98,54.43
2026-02-26 07:30:00+00:00,181.98,182.13,181.48,181.77,67.87
2026-02-26 07:45:00+00:00,181.77,181.77,181.14,181.4,61.58
2026-02-26 08:00:00+00:00,181.4,181.75,181.28,181.7,30.43
2026-02-26 08:15:00+00:00,181.7,182.29,181.7,181.88,61.35
2026-02-26 08:30:00+00:00,181.88,181.91,181.81,181.81,31.52
2026-02-26 08:45:00+00:00,181.81,181.97,181.71,181.72,35.18
2026-02-26 09:00:00+00:00,181.72,183.29,181.53,183.15,120.65
2026-02-26 09:15:00+00:00,183.15,183.15,182.51,182.52,85.87
2026-02-26 09:30:00+00:00,182.52,184.34,182.52,184.28,102.88
2026-02-26 09:45:00+00:00,184.28,185.43,184.28,185.37,114.26
2026-02-26 10:00:00+00:00,185.37,186.23,184.8,184.8,161.95
2026-02-26 10:15:00+00:00,184.8,184.81,184.08,184.08,30.64
2026-02-26 10:30:00+00:00,184.08,184.37,183.81,183.93,40.39
2026-02-26 10:45:00+00:00,183.93,184.17,183.67,183.77,12.31
2026-02-26 11:00:00+00:00,183.77,184.16,183.67,183.97,66.41
2026-02-26 11:15:00+00:00,183.97,184.23,183.45,183.48,51.58
2026-02-26 11:30:00+00:00,183.48,183.65,183.26,183.52,73.89
2026-02-26 11:45:00+00:00,183.52,183.52,182.77,182.91,43.58
2026-02-26 12:00:00+00:00,182.91,183.34,182.91,183.34,28.36
2026-02-26 12:15:00+00:00,183.34,183.5,182.77,183.33,56.32
2026-02-26 12:30:00+00:00,183.33,183.42,182.8,183.3,64.48
2026-02-26 12:45:00+00:00,183.3,183.3,182.93,183.03,33.04
2026-02-26 13:00:00+00:00,183.03,183.09,182.68,182.75,46.71
2026-02-26 13:15:00+00:00,182.75,182.89,181.94,182.4,152.31
2026-02-26 13:30:00+00:00,182.4,182.53,182.19,182.2,146.75
2026-02-26 13:45:00+00:00,182.2,182.51,182.0,182.04,167.39
2026-02-26 14:00:00+00:00,182.04,182.04,181.01,181.8,497.59
2026-02-26 14:15:00+00:00,181.8,181.8,181.38,181.44,444.42
2026-02-26 14:30:00+00:00,181.44,184.77,181.37,184.33,8340.93
2026-02-26 14:45:00+00:00,184.33,185.44,182.27,184.95,3637.13
2026-02-26 15:00:00+00:00,184.95,185.43,182.85,183.75,2622.81
2026-02-26 15:15:00+00:00,183.75,183.75,180.31,181.11,3341.58
2026-02-26 15:30:00+00:00,181.11,183.45,179.78,183.21,2318.94
2026-02-26 15:45:00+00:00,183.21,184.17,182.83,183.26,2022.34
2026-02-26 16:00:00+00:00,183.26,183.6,181.89,183.26,668.29
2026-02-26 16:15:00+00:00,183.26,184.45,183.26,184.03,587.69
2026-02-26 16:30:00+00:00,184.03,184.03,181.65,181.69,580.0
2026-02-26 16:45:00+00:00,181.69,181.81,179.89,180.22,620.47
2026-02-26 17:00:00+00:00,180.22,181.0,179.8,179.8,456.72
2026-02-26 17:15:00+00:00,179.8,180.37,178.45,179.37,551.99
2026-02-26 17:30:00+00:00,179.37,179.91,177.93,178.05,289.66
2026-02-26 17:45:00+00:00,178.05,178.79,177.71,177.84,382.24
2026-02-26 18:00:00+00:00,177.84,177.96,176.8,177.96,323.35
2026-02-26 18:15:00+00:00,177.96,178.47,177.91,178.14,384.61
2026-02-26 18:30:00+00:00,178.14,179.13,177.76,178.58,446.92
2026-02-26 18:45:00+00:00,178.58,178.58,177.86,178.2,253.85
2026-02-26 19:00:00+00:00,178.2,180.56,177.84,180.29,895.77
2026-02-26 19:15:00+00:00,180.29,180.84,179.75,179.78,852.93
2026-02-26 19:30:00+00:00,179.78,180.83,179.51,180.17,605.8
2026-02-26 19:45:00+00:00,180.17,181.69,179.76,179.92,899.41
2026-02-26 20:00:00+00:00,179.92,180.95,179.87,180.39,335.61
2026-02-26 20:15:00+00:00,180.39,180.85,180.08,180.25,234.82
2026-02-26 20:30:00+00:00,180.25,181.34,180.25,181.1,201.79
2026-02-26 20:45:00+00:00,181.1,181.84,180.62,180.97,453.04
2026-02-26 21:00:00+00:00,180.97,181.17,180.64,180.81,228.76
2026-02-26 21:15:00+00:00,180.81,181.09,180.78,181.08,101.58
2026-02-26 21:30:00+00:00,181.08,181.48,181.04,181.29,226.45
2026-02-26 21:45:00+00:00,181.29,181.29,179.66,179.66,1105.33
2026-02-26 22:00:00+00:00,179.66,179.78,179.34,179.46,313.55
2026-02-26 22:15:00+00:00,179.46,180.06,179.46,179.79,127.93
2026-02-26 22:30:00+00:00,179.79,180.17,179.48,179.92,742.53
2026-02-26 22:45:00+00:00,179.92,180.37,179.56,180.13,320.5
2026-02-26 23:00:00+00:00,180.13,180.13,179.48,179.71,347.51
2026-02-26 23:15:00+00:00,179.71,179.99,179.71,179.99,105.0
2026-02-26 23:30:00+00:00,179.99,180.01,179.73,179.73,26.76
2026-02-26 23:45:00+00:00,179.73,180.04,179.71,179.86,148.86
2026-02-27 00:00:00+00:00,179.86,179.94,179.68,179.78,71.82
2026-02-27 00:15:00+00:00,179.78,179.88,179.66,179.7,31.74
2026-02-27 00:30:00+00:00,179.7,179.7,178.89,178.97,164.34
2026-02-27 00:45:00+00:00,178.97,179.31,178.76,179.08,394.27
2026-02-27 01:00:00+00:00,179.08,179.72,178.68,178.83,406.3
2026-02-27 01:15:00+00:00,178.83,179.32,178.83,179.12,122.68
2026-02-27 01:30:00+00:00,179.12,179.56,179.1,179.15,84.63
2026-02-27 01:45:00+00:00,179.15,179.72,179.06,179.72,51.18
2026-02-27 02:00:00+00:00,179.72,180.31,179.72,179.77,300.27
2026-02-27 02:15:00+00:00,179.77,180.34,179.77,180.16,14.17
2026-02-27 02:30:00+00:00,180.16,180.3,180.05,180.05,43.78
2026-02-27 02:45:00+00:00,180.05,180.53,180.05,180.25,76.25
2026-02-27 03:00:00+00:00,180.25,180.25,179.75,179.75,18.21
2026-02-27 03:15:00+00:00,179.75,179.85,179.67,179.71,28.87
2026-02-27 03:30:00+00:00,179.71,180.26,179.71,180.24,40.17
2026-02-27 03:45:00+00:00,180.24,181.04,180.18,180.78,363.69
2026-02-27 04:00:00+00:00,180.78,181.29,180.68,181.29,71.95
2026-02-27 04:15:00+00:00,181.29,182.2,181.29,182.08,529.68
2026-02-27 04:30:00+00:00,182.08,182.15,181.38,181.38,190.79
2026-02-27 04:45:00+00:00,181.38,181.7,181.38,181.7,2.12
2026-02-27 05:00:00+00:00,181.7,181.77,181.32,181.6,54.72
2026-02-27 05:15:00+00:00,181.6,181.77,181.2,181.41,16.6
2026-02-27 05:30:00+00:00,181.41,181.62,181.41,181.52,6.49
2026-02-27 05:45:00+00:00,181.52,181.52,180.88,180.94,30.85
2026-02-27 06:00:00+00:00,180.94,181.22,180.94,181.19,10.61
2026-02-27 06:15:00+00:00,181.19,181.19,180.65,180.66,157.07
2026-02-27 06:30:00+00:00,180.66,181.2,180.66,181.03,6.93
2026-02-27 06:45:00+00:00,181.03,181.03,181.03,181.03,2.96
2026-02-27 07:00:00+00:00,181.03,181.03,180.72,180.72,3.69
2026-02-27 07:15:00+00:00,180.72,181.05,180.72,180.88,27.46
2026-02-27 07:30:00+00:00,180.88,180.88,180.59,180.77,7.19
2026-02-27 07:45:00+00:00,180.77,181.05,180.71,180.71,72.3
2026-02-27 08:00:00+00:00,180.71,182.35,180.71,182.03,519.23
2026-02-27 08:15:00+00:00,182.03,182.65,181.88,182.65,178.63
2026-02-27 08:30:00+00:00,182.65,182.8,182.21,182.51,118.26
2026-02-27 08:45:00+00:00,182.51,182.81,182.33,182.57,93.68
2026-02-27 09:00:00+00:00,182.57,182.57,181.14,182.24,898.17
2026-02-27 09:15:00+00:00,182.24,182.43,182.19,182.37,79.24
2026-02-27 09:30:00+00:00,182.37,182.37,181.45,181.45,249.59
2026-02-27 09:45:00+00:00,181.45,181.45,180.75,180.81,156.87
2026-02-27 10:00:00+00:00,180.81,180.99,179.63,179.71,562.28
2026-02-27 10:15:00+00:00,179.71,180.48,179.71,180.09,359.72
2026-02-27 10:30:00+00:00,180.09,180.32,179.92,180.18,378.04
2026-02-27 10:45:00+00:00,180.18,180.18,179.42,179.59,54.21
2026-02-27 11:00:00+00:00,179.59,179.7,179.59,179.67,8.97
2026-02-27 11:15:00+00:00,179.67,179.67,179.1,179.5,323.84
2026-02-27 11:30:00+00:00,179.5,179.5,177.44,177.94,206.88
2026-02-27 11:45:00+00:00,177.94,177.94,177.46,177.7,171.2
2026-02-27 12:00:00+00:00,177.7,177.72,177.04,177.48,321.97
2026-02-27 12:15:00+00:00,177.48,177.54,177.1,177.29,285.24
2026-02-27 12:30:00+00:00,177.29,177.54,176.74,176.74,60.17
2026-02-27 12:45:00+00:00,176.74,176.74,176.16,176.58,338.69
2026-02-27 13:00:00+00:00,176.58,177.29,176.58,176.79,306.19
2026-02-27 13:15:00+00:00,176.79,177.03,176.67,176.71,99.85
2026-02-27 13:30:00+00:00,176.71,176.9,174.46,174.84,2186.85
2026-02-27 13:45:00+00:00,174.84,176.47,174.84,176.47,444.67
2026-02-27 14:00:00+00:00,176.47,176.47,176.09,176.27,446.29
2026-02-27 14:15:00+00:00,176.27,176.28,174.31,174.97,2121.72
2026-02-27 14:45:00+00:00,172.62,173.64,171.81,173.43,3721.7
2026-02-27 15:00:00+00:00,173.43,175.72,173.19,175.36,2640.26
2026-02-27 15:15:00+00:00,175.36,177.5,174.95,177.2,2521.62
2026-02-27 15:30:00+00:00,177.2,177.32,175.83,176.31,1077.55
2026-02-27 15:45:00+00:00,176.31,177.28,175.83,176.05,1071.08
2026-02-27 16:00:00+00:00,176.05,176.49,175.18,175.82,799.23
2026-02-27 16:15:00+00:00,175.82,178.63,175.82,178.21,1347.31
2026-02-27 16:30:00+00:00,178.21,179.0,177.44,177.58,1192.22
2026-02-27 16:45:00+00:00,177.58,178.05,176.59,177.24,1362.68
2026-02-27 17:00:00+00:00,177.24,178.95,177.12,177.31,1161.91
2026-02-27 17:15:00+00:00,177.31,177.56,175.4,175.4,934.73
2026-02-27 17:30:00+00:00,175.4,176.64,174.26,174.39,935.18
2026-02-27 17:45:00+00:00,174.39,175.58,174.16,175.58,717.17
2026-02-27 18:00:00+00:00,175.58,175.98,174.58,174.76,865.97
2026-02-27 18:15:00+00:00,174.76,174.76,173.32,173.99,494.42
2026-02-27 18:30:00+00:00,173.99,174.34,173.33,173.39,734.42
2026-02-27 18:45:00+00:00,173.39,173.39,172.78,172.88,439.65
2026-02-27 19:00:00+00:00,172.88,173.88,172.63,173.21,863.53
2026-02-27 19:15:00+00:00,173.21,174.27,172.94,173.46,684.55
2026-02-27 19:30:00+00:00,173.46,174.03,173.28,173.3,896.99
2026-02-27 19:45:00+00:00,173.3,174.25,173.3,173.5,619.99
2026-02-27 20:00:00+00:00,173.5,175.44,173.5,175.4,679.7
2026-02-27 20:15:00+00:00,175.4,175.64,174.98,174.98,755.47
2026-02-27 20:30:00+00:00,174.98,175.87,174.9,175.72,789.9
2026-02-27 20:45:00+00:00,175.72,176.34,175.26,176.07,1699.18
2026-02-27 21:00:00+00:00,176.07,176.29,175.61,175.72,792.79
2026-02-27 21:15:00+00:00,175.72,175.8,175.65,175.65,6.62
2026-02-27 21:30:00+00:00,175.65,175.96,175.65,175.89,150.34
2026-02-27 21:45:00+00:00,175.89,175.89,175.52,175.58,252.56
2026-02-27 22:00:00+00:00,175.58,175.68,175.43,175.68,344.76
2026-02-27 22:15:00+00:00,175.68,175.68,175.35,175.37,43.79
2026-02-27 22:30:00+00:00,175.37,175.79,175.35,175.78,265.29
2026-02-27 22:45:00+00:00,175.78,175.79,175.32,175.52,307.97
2026-02-27 23:00:00+00:00,175.52,175.71,175.49,175.71,7.03
2026-02-27 23:15:00+00:00,175.71,175.72,175.56,175.66,13.39
2026-02-27 23:30:00+00:00,175.66,175.81,175.5,175.53,164.02
2026-02-27 23:45:00+00:00,175.53,175.71,175.42,175.61,263.44
2026-02-28 00:00:00+00:00,175.61,176.09,175.61,175.9,363.92
2026-02-28 00:15:00+00:00,175.9,176.09,175.87,175.92,181.44
2026-02-28 00:30:00+00:00,175.92,176.0,175.88,175.91,101.87
2026-02-28 00:45:00+00:00,175.91,176.09,175.74,175.84,332.14
2026-02-28 01:00:00+00:00,175.84,175.85,175.63,175.63,17.73
2026-02-28 01:15:00+00:00,175.63,175.73,175.61,175.62,21.95
2026-02-28 01:30:00+00:00,175.62,175.74,175.49,175.7,155.36
2026-02-28 01:45:00+00:00,175.7,175.7,175.62,175.62,0.57
2026-02-28 02:00:00+00:00,175.62,175.78,175.48,175.76,92.33
2026-02-28 02:15:00+00:00,175.76,175.95,175.74,175.74,3.2
2026-02-28 02:30:00+00:00,175.74,175.84,175.74,175.83,1.87
2026-02-28 02:45:00+00:00,175.83,175.96,175.83,175.94,3.79
2026-02-28 03:00:00+00:00,175.94,175.94,175.94,175.94,0.0
2026-02-28 03:15:00+00:00,175.94,175.94,175.94,175.94,0.0
2026-02-28 03:30:00+00:00,175.94,175.94,175.33,175.49,90.6
2026-02-28 03:45:00+00:00,175.49,175.58,175.41,175.44,12.42
2026-02-28 04:00:00+00:00,175.44,175.6,175.41,175.48,7.04
2026-02-28 04:15:00+00:00,175.48,175.52,175.31,175.31,53.72
2026-02-28 04:30:00+00:00,175.31,175.34,174.98,175.19,143.92
2026-02-28 04:45:00+00:00,175.19,175.38,175.16,175.33,13.34
2026-02-28 05:00:00+00:00,175.33,175.39,175.33,175.39,4.66
2026-02-28 05:15:00+00:00,175.39,175.39,175.3,175.3,2.46
2026-02-28 05:30:00+00:00,175.3,175.3,174.94,175.09,37.16
2026-02-28 05:45:00+00:00,175.09,175.09,174.95,174.95,1.64
2026-02-28 06:00:00+00:00,174.95,175.17,174.91,174.91,26.16
2026-02-28 06:15:00+00:00,174.91,174.91,172.54,172.88,764.88
2026-02-28 06:30:00+00:00,172.88,172.88,170.99,171.83,506.62
2026-02-28 06:45:00+00:00,171.83,171.97,169.43,169.94,519.77
2026-02-28 07:00:00+00:00,169.94,171.45,169.46,171.23,405.87
2026-02-28 07:15:00+00:00,171.23,171.59,170.11,170.3,195.65
2026-02-28 07:30:00+00:00,170.3,172.55,170.27,171.86,184.57
2026-02-28 07:45:00+00:00,171.86,171.86,171.35,171.43,143.27
2026-02-28 08:00:00+00:00,171.43,171.43,169.82,170.81,441.15
2026-02-28 08:15:00+00:00,170.81,171.28,170.24,170.85,101.85
2026-02-28 08:30:00+00:00,170.85,171.25,170.77,170.86,63.32
2026-02-28 08:45:00+00:00,170.86,170.92,170.44,170.6,230.4
2026-02-28 09:00:00+00:00,170.6,171.49,170.47,171.41,371.7
2026-02-28 09:15:00+00:00,171.41,171.89,171.16,171.59,242.03
2026-02-28 09:30:00+00:00,171.59,171.59,171.02,171.18,78.19
2026-02-28 09:45:00+00:00,171.18,171.6,171.05,171.48,128.19
2026-02-28 10:00:00+00:00,171.48,171.57,171.29,171.57,99.32
2026-02-28 10:15:00+00:00,171.57,172.52,171.44,172.3,234.9
2026-02-28 10:30:00+00:00,172.3,172.72,172.22,172.53,248.17
2026-02-28 10:45:00+00:00,172.53,172.78,172.46,172.69,98.95
2026-02-28 11:00:00+00:00,172.69,172.99,172.69,172.82,106.63
2026-02-28 11:15:00+00:00,172.82,173.26,172.82,173.26,105.28
2026-02-28 11:30:00+00:00,173.26,173.28,172.83,172.89,96.53
2026-02-28 11:45:00+00:00,172.89,172.96,172.54,172.56,95.46
2026-02-28 12:00:00+00:00,172.56,173.01,172.46,172.85,66.58
2026-02-28 12:15:00+00:00,172.85,173.29,172.85,173.26,111.58
2026-02-28 12:30:00+00:00,173.26,173.58,173.25,173.38,114.09
2026-02-28 12:45:00+00:00,173.38,173.53,173.13,173.51,32.56
2026-02-28 13:00:00+00:00,173.51,173.72,173.37,173.67,92.03
2026-02-28 13:15:00+00:00,173.67,173.96,173.67,173.71,36.76
2026-02-28 13:30:00+00:00,173.71,173.77,173.48,173.63,97.79
2026-02-28 13:45:00+00:00,173.63,175.43,173.63,175.37,378.08
2026-02-28 14:00:00+00:00,175.37,175.51,174.76,174.76,149.75
2026-02-28 14:15:00+00:00,174.76,175.3,174.42,175.12,223.02
2026-02-28 14:30:00+00:00,175.12,175.4,174.61,175.11,140.27
2026-02-28 14:45:00+00:00,175.11,175.21,174.35,175.14,132.22
2026-02-28 15:00:00+00:00,175.14,175.42,174.88,174.95,217.15
2026-02-28 15:15:00+00:00,174.95,175.91,174.95,175.67,197.64
2026-02-28 15:30:00+00:00,175.67,175.79,175.29,175.46,38.64
2026-02-28 15:45:00+00:00,175.46,175.56,175.12,175.43,491.64
2026-02-28 16:00:00+00:00,175.43,175.43,173.81,173.9,513.51
2026-02-28 16:15:00+00:00,173.9,174.0,173.63,173.96,205.74
2026-02-28 16:30:00+00:00,173.96,174.48,173.62,174.36,88.12
2026-02-28 16:45:00+00:00,174.36,174.48,174.16,174.16,41.0
2026-02-28 17:00:00+00:00,174.16,174.22,174.16,174.22,3.49
2026-02-28 17:15:00+00:00,174.22,175.02,174.22,174.86,100.64
2026-02-28 17:30:00+00:00,174.86,174.99,174.4,174.78,82.91
2026-02-28 17:45:00+00:00,174.78,175.3,174.78,175.11,103.66
2026-02-28 18:00:00+00:00,175.11,175.17,175.08,175.17,0.15
2026-02-28 18:15:00+00:00,175.17,175.17,174.86,174.98,24.53
2026-02-28 18:30:00+00:00,174.98,175.45,174.98,175.19,85.15
2026-02-28 18:45:00+00:00,175.19,176.0,175.19,175.72,428.95
2026-02-28 19:00:00+00:00,175.72,175.72,175.34,175.45,55.85
2026-02-28 19:15:00+00:00,175.45,175.51,175.35,175.46,28.84
2026-02-28 19:30:00+00:00,175.46,176.64,175.46,176.64,715.25
2026-02-28 19:45:00+00:00,176.64,176.84,176.43,176.59,72.2
2026-02-28 20:00:00+00:00,176.59,176.61,176.29,176.48,30.58
2026-02-28 20:15:00+00:00,176.48,177.46,176.48,177.25,145.1
2026-02-28 20:30:00+00:00,177.25,177.31,177.04,177.04,25.29
2026-02-28 20:45:00+00:00,177.04,177.49,177.04,177.49,130.94
2026-02-28 21:00:00+00:00,177.49,177.49,177.02,177.25,42.87
2026-02-28 21:15:00+00:00,177.25,177.25,176.91,176.91,64.6
2026-02-28 21:30:00+00:00,176.91,177.39,176.9,176.94,58.52
2026-02-28 21:45:00+00:00,176.94,177.15,176.79,176.81,30.53
2026-02-28 22:00:00+00:00,176.81,177.18,176.78,176.96,8.67
2026-02-28 22:15:00+00:00,176.96,177.26,176.66,176.73,48.92
2026-02-28 22:30:00+00:00,176.73,177.51,176.73,177.15,33.24
2026-02-28 22:45:00+00:00,177.15,177.53,176.89,176.89,171.77
2026-02-28 23:00:00+00:00,176.89,176.99,176.65,176.82,8.26
2026-02-28 23:15:00+00:00,176.82,177.1,176.62,176.88,18.61
2026-02-28 23:30:00+00:00,176.88,176.88,175.9,176.73,76.61
2026-02-28 23:45:00+00:00,176.73,176.73,176.03,176.51,34.14
2026-03-01 00:00:00+00:00,176.51,177.46,176.43,177.2,96.28
2026-03-01 00:15:00+00:00,177.2,177.2,176.65,176.66,31.57
2026-03-01 00:30:00+00:00,176.66,176.74,176.38,176.38,12.53
2026-03-01 00:45:00+00:00,176.38,176.61,176.38,176.61,5.55
2026-03-01 01:00:00+00:00,176.61,176.61,176.2,176.31,14.58
2026-03-01 01:15:00+00:00,176.31,176.31,176.01,176.04,32.16
2026-03-01 01:30:00+00:00,176.04,176.04,176.04,176.04,0.0
2026-03-01 01:45:00+00:00,176.04,177.32,176.04,176.93,134.3
2026-03-01 02:00:00+00:00,176.93,178.35,176.92,177.7,1009.89
2026-03-01 02:15:00+00:00,177.7,178.19,177.57,177.72,31.86
2026-03-01 02:30:00+00:00,177.72,178.02,177.5,177.91,23.0
2026-03-01 02:45:00+00:00,177.91,177.91,177.13,177.14,54.81
2026-03-01 03:00:00+00:00,177.14,177.54,176.1,176.57,276.34
2026-03-01 03:15:00+00:00,176.57,177.46,175.95,176.66,285.05
2026-03-01 03:30:00+00:00,176.66,177.09,176.58,177.09,83.96
2026-03-01 03:45:00+00:00,177.09,177.1,176.8,177.1,12.06
2026-03-01 04:00:00+00:00,177.1,177.1,176.16,176.67,32.84
2026-03-01 04:15:00+00:00,176.67,176.89,176.49,176.82,10.77
2026-03-01 04:30:00+00:00,176.82,177.09,176.52,176.82,15.89
2026-03-01 04:45:00+00:00,176.82,177.03,176.68,176.82,8.1
2026-03-01 05:00:00+00:00,176.82,177.02,176.69,176.99,6.28
2026-03-01 05:15:00+00:00,176.99,177.02,176.77,177.02,2.0
2026-03-01 05:30:00+00:00,177.02,177.02,176.7,176.95,17.58
2026-03-01 05:45:00+00:00,176.95,177.13,176.66,176.71,119.78
2026-03-01 06:00:00+00:00,176.71,177.11,176.66,176.72,173.14
2026-03-01 06:15:00+00:00,176.72,176.92,176.66,176.76,83.53
2026-03-01 06:30:00+00:00,176.76,176.92,176.38,176.53,78.67
2026-03-01 06:45:00+00:00,176.53,176.53,176.28,176.31,12.75
2026-03-01 07:00:00+00:00,176.31,176.5,176.3,176.46,17.1
2026-03-01 07:15:00+00:00,176.46,176.54,176.32,176.47,55.25
2026-03-01 07:30:00+00:00,176.47,176.47,176.24,176.24,5.0
2026-03-01 07:45:00+00:00,176.24,176.4,176.24,176.37,20.7
2026-03-01 08:00:00+00:00,176.37,176.88,176.34,176.81,223.6
2026-03-01 08:15:00+00:00,176.81,177.04,176.81,177.04,6.5
2026-03-01 08:30:00+00:00,177.04,177.04,176.9,177.03,58.08
2026-03-01 08:45:00+00:00,177.03,177.03,176.4,176.45,5.35
2026-03-01 09:00:00+00:00,176.45,176.65,176.45,176.65,68.68
2026-03-01 09:15:00+00:00,176.65,176.78,176.51,176.52,16.74
2026-03-01 09:30:00+00:00,176.52,176.52,176.24,176.24,110.3
2026-03-01 09:45:00+00:00,176.24,176.4,176.24,176.36,64.57
2026-03-01 10:00:00+00:00,176.36,176.53,176.22,176.53,87.13
2026-03-01 10:15:00+00:00,176.53,176.66,176.51,176.64,185.65
2026-03-01 10:30:00+00:00,176.64,176.78,176.49,176.49,58.44
2026-03-01 10:45:00+00:00,176.49,176.56,176.34,176.5,169.86
2026-03-01 11:00:00+00:00,176.5,176.5,176.36,176.36,43.58
2026-03-01 11:15:00+00:00,176.36,176.47,176.27,176.27,106.99
2026-03-01 11:30:00+00:00,176.27,176.27,176.08,176.09,100.49
2026-03-01 11:45:00+00:00,176.09,176.17,176.04,176.12,184.54
2026-03-01 12:00:00+00:00,176.12,176.15,176.03,176.03,11.11
2026-03-01 12:15:00+00:00,176.03,176.17,176.0,176.12,63.41
2026-03-01 12:30:00+00:00,176.12,176.36,176.12,176.36,15.68
2026-03-01 12:45:00+00:00,176.36,176.41,176.23,176.27,18.63
2026-03-01 13:00:00+00:00,176.27,176.41,176.27,176.41,12.9
2026-03-01 13:15:00+00:00,176.41,176.41,176.08,176.2,160.54
2026-03-01 13:30:00+00:00,176.2,176.46,176.08,176.46,36.72
2026-03-01 13:45:00+00:00,176.46,177.4,176.45,177.14,89.6
2026-03-01 14:00:00+00:00,177.14,177.51,176.78,177.48,28.72
2026-03-01 14:15:00+00:00,177.48,177.48,177.14,177.14,31.52
2026-03-01 14:30:00+00:00,177.14,177.29,177.12,177.12,18.52
2026-03-01 14:45:00+00:00,177.12,177.12,177.0,177.0,3.23
2026-03-01 15:00:00+00:00,177.0,177.14,176.96,177.14,14.16
2026-03-01 15:15:00+00:00,177.14,177.22,177.06,177.06,121.05
2026-03-01 15:30:00+00:00,177.06,177.35,177.06,177.28,29.76
2026-03-01 15:45:00+00:00,177.28,177.29,176.96,176.96,61.25
2026-03-01 16:00:00+00:00,176.96,177.94,176.95,177.93,174.59
2026-03-01 16:15:00+00:00,177.93,178.03,177.85,178.0,45.02
2026-03-01 16:30:00+00:00,178.0,178.08,177.99,178.07,5.81
2026-03-01 17:00:00+00:00,176.41,176.76,176.4,176.44,6.33
2026-03-01 17:15:00+00:00,176.44,176.57,176.09,176.57,111.62
2026-03-01 17:30:00+00:00,176.57,176.63,176.43,176.51,12.77
2026-03-01 17:45:00+00:00,176.51,176.62,176.44,176.62,2.63
2026-03-01 18:00:00+00:00,176.62,177.0,176.44,176.85,8.13
2026-03-01 18:15:00+00:00,176.85,177.13,176.62,176.62,29.77
2026-03-01 18:30:00+00:00,176.62,176.79,176.33,176.49,29.62
2026-03-01 18:45:00+00:00,176.49,176.49,176.49,176.49,0.0
2026-03-01 19:00:00+00:00,176.49,176.49,176.36,176.36,16.01
2026-03-01 19:15:00+00:00,176.36,176.36,176.16,176.24,0.98
2026-03-01 19:30:00+00:00,176.24,176.24,175.99,176.08,78.02
2026-03-01 19:45:00+00:00,176.08,176.1,176.0,176.06,25.22
2026-03-01 20:00:00+00:00,176.06,176.06,175.73,175.74,229.87
2026-03-01 20:15:00+00:00,175.74,175.78,175.44,175.44,272.31
2026-03-01 20:30:00+00:00,175.44,175.5,175.25,175.25,251.07
2026-03-01 20:45:00+00:00,175.25,175.43,175.23,175.29,2.54
2026-03-01 21:00:00+00:00,175.29,175.29,175.02,175.15,60.6
2026-03-01 21:15:00+00:00,175.15,175.32,175.15,175.2,75.83
2026-03-01 21:30:00+00:00,175.2,175.36,175.2,175.36,6.09
2026-03-01 21:45:00+00:00,175.36,175.47,175.24,175.47,146.73
2026-03-01 22:00:00+00:00,175.47,175.9,175.37,175.67,72.83
2026-03-01 22:15:00+00:00,175.67,176.01,175.35,175.97,89.48
2026-03-01 22:30:00+00:00,175.97,176.01,174.94,175.05,93.59
2026-03-01 22:45:00+00:00,175.05,175.05,174.95,174.95,54.57
2026-03-01 23:00:00+00:00,174.95,176.32,174.95,176.08,429.15
2026-03-01 23:15:00+00:00,176.08,176.31,175.62,176.27,192.45
2026-03-01 23:30:00+00:00,176.27,176.27,175.66,175.66,4.57
2026-03-01 23:45:00+00:00,175.66,176.15,175.66,176.11,12.76
2026-03-02 00:00:00+00:00,176.11,176.53,175.66,176.34,283.81
2026-03-02 00:15:00+00:00,176.34,176.43,176.08,176.15,133.18
2026-03-02 00:30:00+00:00,176.15,176.68,176.15,176.68,236.66
2026-03-02 00:45:00+00:00,176.68,177.85,176.68,177.69,493.98
2026-03-02 01:00:00+00:00,177.69,177.72,174.29,177.26,705.13
2026-03-02 01:15:00+00:00,177.26,177.66,176.46,176.56,307.68
2026-03-02 01:30:00+00:00,176.56,176.94,176.41,176.94,96.69
2026-03-02 01:45:00+00:00,176.94,176.94,176.64,176.8,55.58
2026-03-02 02:00:00+00:00,176.8,176.91,175.25,175.55,348.49
2026-03-02 02:15:00+00:00,175.55,175.88,174.97,175.54,212.16
2026-03-02 02:30:00+00:00,175.54,176.07,175.5,175.77,86.67
2026-03-02 02:45:00+00:00,175.77,175.93,175.55,175.65,129.96
2026-03-02 03:00:00+00:00,175.65,175.68,174.89,175.68,96.27
2026-03-02 03:15:00+00:00,175.68,176.3,175.61,176.24,316.51
2026-03-02 03:30:00+00:00,176.24,176.8,176.15,176.61,136.53
2026-03-02 03:45:00+00:00,176.61,176.85,176.47,176.55,166.93
2026-03-02 04:00:00+00:00,176.55,176.83,176.53,176.75,7.16
2026-03-02 04:15:00+00:00,176.75,176.75,176.04,176.35,372.88
2026-03-02 04:30:00+00:00,176.35,176.59,176.35,176.4,5.02
2026-03-02 04:45:00+00:00,176.4,176.4,175.87,176.0,315.58
2026-03-02 05:00:00+00:00,176.0,176.09,175.53,175.74,95.02
2026-03-02 05:15:00+00:00,175.74,175.97,175.31,175.48,200.37
2026-03-02 05:30:00+00:00,175.48,175.88,175.43,175.88,78.06
2026-03-02 05:45:00+00:00,175.88,175.88,175.01,175.03,204.03
2026-03-02 06:00:00+00:00,175.03,175.03,174.37,174.54,72.1
2026-03-02 06:15:00+00:00,174.54,174.67,173.17,173.79,249.42
2026-03-02 06:30:00+00:00,173.79,173.85,173.21,173.27,63.18
2026-03-02 06:45:00+00:00,173.27,173.27,172.22,172.62,59.76
2026-03-02 07:00:00+00:00,172.62,172.84,170.85,171.2,321.95
2026-03-02 07:15:00+00:00,171.2,171.69,170.99,171.46,120.25
2026-03-02 07:30:00+00:00,171.46,173.5,171.46,172.78,189.81
2026-03-02 07:45:00+00:00,172.78,172.78,171.56,171.74,44.81
2026-03-02 08:00:00+00:00,171.74,171.79,170.11,170.79,496.95
2026-03-02 08:15:00+00:00,170.79,170.97,169.97,170.21,102.29
2026-03-02 08:30:00+00:00,170.21,171.24,170.18,171.18,424.13
2026-03-02 08:45:00+00:00,171.18,173.4,170.94,172.23,439.33
2026-03-02 09:00:00+00:00,172.23,173.39,170.78,172.8,597.57
2026-03-02 09:15:00+00:00,172.8,173.49,172.51,172.57,144.54
2026-03-02 09:30:00+00:00,172.57,172.85,172.09,172.28,132.12
2026-03-02 09:45:00+00:00,172.28,172.28,171.54,171.76,105.04
2026-03-02 10:00:00+00:00,171.76,172.64,171.62,172.17,135.82
2026-03-02 10:15:00+00:00,172.17,172.52,172.17,172.35,64.92
2026-03-02 10:30:00+00:00,172.35,172.72,172.35,172.67,33.37
2026-03-02 10:45:00+00:00,172.67,172.67,171.9,172.19,29.05
2026-03-02 11:00:00+00:00,172.19,172.22,171.38,171.61,62.79
2026-03-02 11:15:00+00:00,171.61,172.13,171.52,171.86,81.77
2026-03-02 11:30:00+00:00,171.86,172.3,171.71,172.3,79.07
2026-03-02 11:45:00+00:00,172.3,172.86,172.3,172.57,33.15
2026-03-02 12:00:00+00:00,172.57,172.91,172.27,172.49,306.13
2026-03-02 12:15:00+00:00,172.49,172.49,171.73,171.8,87.05
2026-03-02 12:30:00+00:00,171.8,172.01,171.69,171.71,39.61
2026-03-02 12:45:00+00:00,171.71,171.98,171.38,171.55,93.63
2026-03-02 13:00:00+00:00,171.55,171.59,171.16,171.43,191.11
2026-03-02 13:15:00+00:00,171.43,172.47,171.4,171.7,182.69
2026-03-02 13:30:00+00:00,171.7,171.78,170.78,170.78,136.68
2026-03-02 13:45:00+00:00,170.78,170.8,170.32,170.47,153.59
2026-03-02 14:00:00+00:00,170.47,170.68,169.91,170.62,340.73
2026-03-02 14:15:00+00:00,170.62,173.21,170.4,172.77,658.91
2026-03-02 14:30:00+00:00,172.77,180.77,172.62,180.24,5696.65
2026-03-02 14:45:00+00:00,180.24,181.21,177.96,180.65,2063.13
2026-03-02 15:00:00+00:00,180.65,184.53,179.71,184.14,1417.97
2026-03-02 15:15:00+00:00,184.14,185.83,181.8,181.94,936.4
2026-03-02 15:30:00+00:00,181.94,185.66,181.25,185.22,561.25
2026-03-02 15:45:00+00:00,185.22,186.49,182.59,183.15,499.23
2026-03-02 16:00:00+00:00,183.15,184.59,182.09,183.99,538.31
2026-03-02 16:15:00+00:00,183.99,185.28,183.09,183.09,339.22
2026-03-02 16:30:00+00:00,183.09,185.03,182.31,185.03,273.93
2026-03-02 16:45:00+00:00,185.03,185.03,183.07,183.07,256.9
2026-03-02 17:00:00+00:00,183.07,183.99,182.55,183.96,281.6
2026-03-02 17:15:00+00:00,183.96,184.29,182.7,182.98,194.14
2026-03-02 17:30:00+00:00,182.98,183.61,182.32,182.6,243.06
2026-03-02 17:45:00+00:00,182.6,183.54,182.59,183.48,109.34
2026-03-02 18:00:00+00:00,183.48,184.21,183.38,183.52,89.44
2026-03-02 18:15:00+00:00,183.52,183.52,181.38,182.45,518.01
2026-03-02 18:30:00+00:00,182.45,183.45,182.45,183.45,145.92
2026-03-02 18:45:00+00:00,183.45,183.58,182.48,183.58,669.17
2026-03-02 19:00:00+00:00,183.58,183.91,182.54,183.06,418.68
2026-03-02 19:15:00+00:00,183.06,184.24,183.06,183.45,198.12
2026-03-02 19:30:00+00:00,183.45,184.07,183.13,183.87,66.27
2026-03-02 19:45:00+00:00,183.87,184.59,183.86,184.02,30.4
2026-03-02 20:00:00+00:00,184.02,184.68,183.32,183.58,131.68
2026-03-02 20:15:00+00:00,183.58,184.61,183.58,184.21,122.17
2026-03-02 20:30:00+00:00,184.21,184.61,183.86,184.5,56.82
2026-03-02 20:45:00+00:00,184.5,185.36,184.13,185.16,347.24
2026-03-02 21:00:00+00:00,185.16,185.35,184.61,185.35,181.44
2026-03-02 21:15:00+00:00,185.35,185.66,185.34,185.66,81.99
2026-03-02 21:30:00+00:00,185.66,185.74,185.12,185.2,101.48
2026-03-02 21:45:00+00:00,185.2,185.42,184.89,184.89,144.63
2026-03-02 22:00:00+00:00,184.89,185.52,184.84,185.4,345.03
2026-03-02 22:15:00+00:00,185.4,185.44,185.02,185.37,66.14
2026-03-02 22:30:00+00:00,185.37,185.42,184.87,185.36,108.39
2026-03-02 22:45:00+00:00,185.36,185.6,184.97,185.27,240.61
2026-03-02 23:00:00+00:00,185.27,185.64,185.15,185.15,98.12
2026-03-02 23:15:00+00:00,185.15,185.15,184.66,184.83,42.32
2026-03-02 23:30:00+00:00,184.83,184.83,184.6,184.61,28.36
2026-03-02 23:45:00+00:00,184.61,185.09,184.58,184.87,84.91
2026-03-03 00:00:00+00:00,184.87,185.4,184.65,184.87,77.81
2026-03-03 00:15:00+00:00,184.87,185.01,184.38,184.68,262.33
2026-03-03 00:30:00+00:00,184.68,185.14,184.61,185.11,39.31
2026-03-03 00:45:00+00:00,185.11,185.35,185.05,185.24,73.89
2026-03-03 01:00:00+00:00,185.24,185.69,184.61,185.69,229.26
2026-03-03 01:15:00+00:00,185.69,185.69,184.94,184.95,83.74
2026-03-03 01:30:00+00:00,184.95,184.95,184.69,184.77,167.4
2026-03-03 01:45:00+00:00,184.77,184.77,183.84,183.84,165.75
2026-03-03 02:00:00+00:00,183.84,183.84,182.91,183.3,538.16
2026-03-03 02:15:00+00:00,183.3,183.3,182.04,182.89,191.74
2026-03-03 02:30:00+00:00,182.89,183.38,182.57,182.9,172.43
2026-03-03 02:45:00+00:00,182.9,183.23,182.24,182.38,120.91
2026-03-03 03:00:00+00:00,182.38,182.71,182.15,182.45,87.03
2026-03-03 03:15:00+00:00,182.45,182.62,181.86,181.89,33.58
2026-03-03 03:30:00+00:00,181.89,182.25,181.54,182.09,85.11
2026-03-03 03:45:00+00:00,182.09,182.14,181.79,181.95,19.08
2026-03-03 04:00:00+00:00,181.95,182.01,181.55,181.59,14.46
2026-03-03 04:15:00+00:00,181.59,181.77,181.51,181.51,7.16
2026-03-03 04:30:00+00:00,181.51,182.05,181.51,181.67,20.46
2026-03-03 04:45:00+00:00,181.67,181.68,181.44,181.53,16.07
2026-03-03 05:00:00+00:00,181.53,181.93,181.43,181.81,93.9
2026-03-03 05:15:00+00:00,181.81,182.27,181.67,181.95,12.97
2026-03-03 05:30:00+00:00,181.95,181.95,181.38,181.38,34.3
2026-03-03 05:45:00+00:00,181.38,181.41,180.52,180.82,101.77
2026-03-03 06:00:00+00:00,180.82,181.19,180.65,180.89,33.66
2026-03-03 06:15:00+00:00,180.89,180.89,180.0,180.43,61.72
2026-03-03 06:30:00+00:00,180.43,180.43,180.17,180.32,17.57
2026-03-03 06:45:00+00:00,180.32,180.82,180.05,180.74,86.43
2026-03-03 07:00:00+00:00,180.74,180.74,180.36,180.72,97.25
2026-03-03 07:15:00+00:00,180.72,180.72,180.37,180.57,34.17
2026-03-03 07:30:00+00:00,180.57,180.66,180.19,180.29,10.08
2026-03-03 07:45:00+00:00,180.29,180.68,180.28,180.38,7.26
2026-03-03 08:00:00+00:00,180.38,180.38,179.4,179.59,721.18
2026-03-03 08:15:00+00:00,179.59,179.69,178.76,178.78,160.56
2026-03-03 08:30:00+00:00,178.78,178.78,176.7,176.72,193.65
2026-03-03 08:45:00+00:00,176.72,177.13,176.18,176.59,347.51
2026-03-03 09:00:00+00:00,176.59,178.22,176.59,177.77,1197.61
2026-03-03 09:15:00+00:00,177.77,177.9,176.41,176.41,102.49
2026-03-03 09:30:00+00:00,176.41,176.72,175.49,175.54,708.34
2026-03-03 09:45:00+00:00,175.54,175.62,174.55,175.03,698.83
2026-03-03 10:00:00+00:00,175.03,175.74,174.7,175.16,545.99
2026-03-03 10:15:00+00:00,175.16,175.57,174.89,175.17,282.58
2026-03-03 10:30:00+00:00,175.17,175.69,174.52,175.69,224.96
2026-03-03 10:45:00+00:00,175.69,176.43,175.69,176.37,286.09
2026-03-03 11:00:00+00:00,176.37,177.06,176.32,176.51,306.61
2026-03-03 11:15:00+00:00,176.51,177.1,175.97,176.57,389.51
2026-03-03 11:30:00+00:00,176.57,177.73,176.57,177.7,261.75
2026-03-03 11:45:00+00:00,177.7,178.33,177.7,178.08,290.1
2026-03-03 12:00:00+00:00,178.08,180.21,177.97,179.74,193.16
2026-03-03 12:15:00+00:00,179.74,179.94,179.34,179.44,68.12
2026-03-03 12:30:00+00:00,179.44,179.47,178.84,178.98,180.39
2026-03-03 12:45:00+00:00,178.98,179.43,178.84,179.15,70.74
2026-03-03 13:00:00+00:00,179.15,179.2,178.26,178.38,148.87
2026-03-03 13:15:00+00:00,178.38,178.63,177.85,178.08,267.22
2026-03-03 13:30:00+00:00,178.08,178.08,177.56,177.62,242.41
2026-03-03 13:45:00+00:00,177.62,177.62,177.13,177.31,138.13
2026-03-03 14:00:00+00:00,177.31,178.3,177.31,177.74,763.07
2026-03-03 14:15:00+00:00,177.74,178.4,177.18,177.52,1663.61
2026-03-03 14:30:00+00:00,177.52,180.08,176.11,176.75,15097.44
2026-03-03 14:45:00+00:00,176.75,177.88,175.17,176.08,5730.16
2026-03-03 15:00:00+00:00,176.08,177.18,175.27,176.71,3828.87
2026-03-03 15:15:00+00:00,176.71,176.76,172.38,173.76,1535.25
2026-03-03 15:30:00+00:00,173.76,177.58,173.39,177.06,1858.82
2026-03-03 15:45:00+00:00,177.06,179.14,177.06,178.94,1089.38
2026-03-03 16:00:00+00:00,178.94,181.61,178.4,181.59,872.66
2026-03-03 16:15:00+00:00,181.59,182.6,180.45,182.4,521.13
2026-03-03 16:30:00+00:00,182.4,182.65,180.3,181.25,950.03
2026-03-03 16:45:00+00:00,181.25,182.45,181.17,181.17,444.05
2026-03-03 17:00:00+00:00,181.17,181.36,179.17,179.91,591.64
2026-03-03 17:15:00+00:00,179.91,181.3,179.16,181.13,585.27
2026-03-03 17:30:00+00:00,181.13,182.08,179.87,181.97,235.25
2026-03-03 17:45:00+00:00,181.97,182.77,181.54,181.97,136.57
2026-03-03 18:00:00+00:00,181.97,182.49,181.28,181.63,228.9
2026-03-03 18:15:00+00:00,181.63,184.23,181.63,184.18,149.53
2026-03-03 18:30:00+00:00,184.18,186.27,183.99,185.16,250.48
2026-03-03 18:45:00+00:00,185.16,185.92,184.57,184.85,196.71
2026-03-03 19:15:00+00:00,185.08,186.32,184.59,184.59,213.64
2026-03-03 19:30:00+00:00,184.59,186.05,184.45,185.08,559.89
2026-03-03 19:45:00+00:00,185.08,186.16,185.08,185.68,470.92
2026-03-03 20:00:00+00:00,185.68,186.18,183.25,183.33,440.59
2026-03-03 20:15:00+00:00,183.33,184.05,183.17,183.48,624.73
2026-03-03 20:30:00+00:00,183.48,184.42,183.2,183.35,477.03
2026-03-03 20:45:00+00:00,183.35,183.43,181.92,182.42,426.47
2026-03-03 21:00:00+00:00,182.42,182.72,181.58,181.81,485.84
2026-03-03 21:15:00+00:00,181.81,181.99,181.69,181.84,39.42
2026-03-03 21:30:00+00:00,181.84,182.35,181.77,181.85,841.98
2026-03-03 21:45:00+00:00,181.85,182.26,181.85,182.09,52.53
2026-03-03 22:00:00+00:00,182.09,184.87,181.03,183.96,7201.39
2026-03-03 22:15:00+00:00,183.96,184.21,183.45,183.48,679.77
2026-03-03 22:30:00+00:00,183.48,183.93,183.14,183.5,260.23
2026-03-03 22:45:00+00:00,183.5,183.5,182.71,182.88,429.23
2026-03-03 23:00:00+00:00,182.88,184.01,182.54,183.57,1028.66
2026-03-03 23:15:00+00:00,183.57,183.9,183.32,183.51,133.84
2026-03-03 23:30:00+00:00,183.51,183.61,183.13,183.32,256.56
2026-03-03 23:45:00+00:00,183.32,183.32,183.07,183.22,27.7
2026-03-04 00:00:00+00:00,183.22,183.24,182.31,182.4,124.23
2026-03-04 00:15:00+00:00,182.4,183.04,182.4,182.77,57.65
2026-03-04 00:30:00+00:00,182.77,182.85,182.07,182.07,103.37
2026-03-04 00:45:00+00:00,182.07,182.49,181.94,182.49,135.09
2026-03-04 01:00:00+00:00,182.49,182.87,181.96,182.37,274.96
2026-03-04 01:15:00+00:00,182.37,182.54,181.66,182.17,156.56
2026-03-04 01:30:00+00:00,182.17,183.81,181.95,183.63,432.46
2026-03-04 01:45:00+00:00,183.63,183.63,182.49,182.95,125.12
2026-03-04 02:00:00+00:00,182.95,183.3,182.5,182.73,54.68
2026-03-04 02:15:00+00:00,182.73,182.85,182.15,182.18,89.75
2026-03-04 02:30:00+00:00,182.18,182.33,181.84,182.31,31.01
2026-03-04 02:45:00+00:00,182.31,183.28,182.31,182.6,197.47
2026-03-04 03:00:00+00:00,182.6,182.6,182.14,182.43,125.77
2026-03-04 03:15:00+00:00,182.43,182.51,181.2,181.2,81.18
2026-03-04 03:30:00+00:00,181.2,181.31,179.98,180.44,234.48
2026-03-04 03:45:00+00:00,180.44,181.31,180.36,181.31,167.02
2026-03-04 04:00:00+00:00,181.31,181.64,180.87,181.08,148.08
2026-03-04 04:15:00+00:00,181.08,181.15,180.5,180.67,93.41
2026-03-04 04:30:00+00:00,180.67,180.81,180.37,180.81,26.47
2026-03-04 04:45:00+00:00,180.81,181.08,180.81,181.01,50.97
2026-03-04 05:00:00+00:00,181.01,181.34,180.85,181.34,44.39
2026-03-04 05:15:00+00:00,181.34,181.34,180.45,180.63,24.49
2026-03-04 05:30:00+00:00,180.63,182.16,180.63,181.99,164.07
2026-03-04 05:45:00+00:00,181.99,182.18,181.72,181.87,85.52
2026-03-04 06:00:00+00:00,181.87,181.87,181.13,181.47,61.09
2026-03-04 06:15:00+00:00,181.47,181.51,181.16,181.51,9.64
2026-03-04 06:30:00+00:00,181.51,182.69,181.51,182.46,11.35
2026-03-04 06:45:00+00:00,182.46,182.77,182.29,182.49,94.24
2026-03-04 07:00:00+00:00,182.49,182.73,182.24,182.27,84.06
2026-03-04 07:15:00+00:00,182.27,183.69,182.22,183.69,207.99
2026-03-04 07:30:00+00:00,183.69,185.74,183.57,185.74,327.21
2026-03-04 07:45:00+00:00,185.74,188.9,185.69,188.58,1058.12
2026-03-04 08:00:00+00:00,188.58,190.15,188.14,189.41,1340.36
2026-03-04 08:15:00+00:00,189.41,189.41,187.73,188.16,326.45
2026-03-04 08:30:00+00:00,188.16,190.34,188.16,190.0,290.98
2026-03-04 08:45:00+00:00,190.0,191.86,189.98,191.56,743.49
2026-03-04 09:00:00+00:00,191.56,193.82,189.59,193.53,2475.05
2026-03-04 09:15:00+00:00,193.53,194.38,193.01,193.76,716.92
2026-03-04 09:30:00+00:00,193.76,194.83,193.21,194.0,415.8
2026-03-04 09:45:00+00:00,194.0,195.63,193.96,194.42,357.18
2026-03-04 10:00:00+00:00,194.42,195.96,194.07,195.36,361.18
2026-03-04 10:15:00+00:00,195.36,195.51,193.39,193.98,117.96
2026-03-04 10:30:00+00:00,193.98,194.0,193.09,193.19,76.78
2026-03-04 10:45:00+00:00,193.19,193.4,192.65,192.86,110.37
2026-03-04 11:00:00+00:00,192.86,193.44,192.67,193.01,141.33
2026-03-04 11:15:00+00:00,193.01,193.79,193.01,193.63,102.14
2026-03-04 11:30:00+00:00,193.63,193.8,192.77,192.79,202.06
2026-03-04 11:45:00+00:00,192.79,193.28,192.65,193.09,91.66
2026-03-04 12:00:00+00:00,193.09,193.1,191.92,192.21,225.72
2026-03-04 12:15:00+00:00,192.21,192.21,191.05,191.25,196.2
2026-03-04 12:30:00+00:00,191.25,193.19,190.98,192.62,261.9
2026-03-04 12:45:00+00:00,192.62,193.85,192.41,193.85,109.26
2026-03-04 13:00:00+00:00,193.85,196.14,193.85,195.17,913.43
2026-03-04 13:15:00+00:00,195.17,195.17,194.03,194.77,378.02
2026-03-04 13:30:00+00:00,194.77,195.49,194.34,195.42,356.35
2026-03-04 13:45:00+00:00,195.42,195.55,194.8,195.39,158.09
2026-03-04 14:00:00+00:00,195.39,196.05,195.35,196.05,444.08
2026-03-04 14:15:00+00:00,196.05,197.08,195.46,195.7,1543.56
2026-03-04 14:30:00+00:00,195.7,205.44,195.7,199.41,12923.21
2026-03-04 14:45:00+00:00,199.41,204.96,198.67,204.24,6372.48
2026-03-04 15:00:00+00:00,204.24,206.97,203.34,205.58,5791.54
2026-03-04 15:15:00+00:00,205.58,208.99,205.36,208.84,2147.1
2026-03-04 15:30:00+00:00,208.84,208.96,206.38,207.6,2046.87
2026-03-04 15:45:00+00:00,207.6,209.72,207.46,209.25,1404.31
2026-03-04 16:00:00+00:00,209.25,209.74,207.64,208.37,960.92
2026-03-04 16:15:00+00:00,208.37,209.76,208.25,209.41,1448.13
2026-03-04 16:30:00+00:00,209.41,210.17,208.35,209.8,945.79
2026-03-04 16:45:00+00:00,209.8,210.73,209.55,210.26,667.72
2026-03-04 17:00:00+00:00,210.26,212.14,210.06,212.0,798.25
2026-03-04 17:15:00+00:00,212.0,212.03,209.78,210.19,584.11
2026-03-04 17:30:00+00:00,210.19,210.56,209.66,210.03,673.43
2026-03-04 17:45:00+00:00,210.03,211.26,209.74,210.77,587.82
2026-03-04 18:00:00+00:00,210.77,210.98,209.34,209.85,624.21
2026-03-04 18:15:00+00:00,209.85,210.89,209.79,210.36,501.18
2026-03-04 18:30:00+00:00,210.36,210.82,209.17,209.67,1002.78
2026-03-04 18:45:00+00:00,209.67,210.78,209.48,210.2,552.3
2026-03-04 19:00:00+00:00,210.2,211.81,209.95,211.5,752.18
2026-03-04 19:15:00+00:00,211.5,211.72,210.81,210.89,768.93
2026-03-04 19:30:00+00:00,210.89,211.25,209.98,210.73,525.59
2026-03-04 19:45:00+00:00,210.73,211.48,210.23,210.53,551.31
2026-03-04 20:00:00+00:00,210.53,211.0,209.55,209.69,507.58
2026-03-04 20:15:00+00:00,209.69,210.76,209.65,209.79,303.5
2026-03-04 20:30:00+00:00,209.79,210.76,209.61,210.18,247.48
2026-03-04 20:45:00+00:00,210.18,210.37,208.65,208.96,557.99
2026-03-04 21:00:00+00:00,208.96,209.59,205.92,207.04,4769.88
2026-03-04 21:15:00+00:00,207.04,207.21,206.76,206.99,142.45
2026-03-04 21:30:00+00:00,206.99,207.36,206.82,207.36,42.75
2026-03-04 21:45:00+00:00,207.36,208.45,207.36,208.22,356.16
2026-03-04 22:00:00+00:00,208.22,208.85,208.22,208.53,44.28
2026-03-04 22:15:00+00:00,208.53,208.53,208.1,208.24,95.49
2026-03-04 22:30:00+00:00,208.24,208.24,207.8,207.8,90.03
2026-03-04 22:45:00+00:00,207.8,207.97,206.9,207.18,363.73
2026-03-04 23:00:00+00:00,207.18,207.29,207.13,207.14,32.23
2026-03-04 23:15:00+00:00,207.14,207.85,207.14,207.74,377.68
2026-03-04 23:30:00+00:00,207.74,207.74,206.94,207.65,158.28
2026-03-04 23:45:00+00:00,207.65,207.99,207.65,207.89,67.08
2026-03-05 00:00:00+00:00,207.89,207.89,207.48,207.56,95.35
2026-03-05 00:15:00+00:00,207.56,208.06,207.56,207.8,195.21
2026-03-05 00:30:00+00:00,207.8,208.22,207.8,208.22,17.19
2026-03-05 00:45:00+00:00,208.22,208.47,208.19,208.44,49.79
2026-03-05 01:00:00+00:00,208.44,209.86,207.88,209.49,832.06
2026-03-05 01:15:00+00:00,209.49,209.73,208.65,208.75,389.97
2026-03-05 01:30:00+00:00,208.75,208.93,207.77,207.9,149.48
2026-03-05 01:45:00+00:00,207.9,207.96,206.92,207.23,265.72
2026-03-05 02:00:00+00:00,207.23,208.41,207.23,208.41,231.54
2026-03-05 02:15:00+00:00,208.41,208.41,207.63,207.76,84.64
2026-03-05 02:30:00+00:00,207.76,207.76,207.35,207.46,49.98
2026-03-05 02:45:00+00:00,207.46,208.28,207.42,207.71,103.48
2026-03-05 03:00:00+00:00,207.71,208.35,207.71,208.03,54.01
2026-03-05 03:15:00+00:00,208.03,208.18,207.82,207.83,200.73
2026-03-05 03:30:00+00:00,207.83,207.83,207.07,207.42,147.8
2026-03-05 03:45:00+00:00,207.42,207.73,207.05,207.73,85.82
2026-03-05 04:00:00+00:00,207.73,208.21,207.71,208.06,142.1
2026-03-05 04:15:00+00:00,208.06,208.72,208.03,208.56,153.86
2026-03-05 04:30:00+00:00,208.56,209.12,208.13,209.12,231.63
2026-03-05 04:45:00+00:00,209.12,209.48,208.76,209.2,342.87
2026-03-05 05:00:00+00:00,209.2,209.23,208.93,209.1,42.37
2026-03-05 05:15:00+00:00,209.1,209.1,208.52,208.57,83.46
2026-03-05 05:30:00+00:00,208.57,208.57,207.32,207.7,175.37
2026-03-05 05:45:00+00:00,207.7,207.76,207.15,207.15,56.39
2026-03-05 06:00:00+00:00,207.15,207.74,206.68,207.07,222.07
2026-03-05 06:15:00+00:00,207.07,208.05,206.95,207.59,272.41
2026-03-05 06:30:00+00:00,207.59,207.91,207.4,207.83,106.58
2026-03-05 06:45:00+00:00,207.83,208.68,207.74,208.58,100.33
2026-03-05 07:00:00+00:00,208.58,209.0,208.17,208.92,223.31
2026-03-05 07:15:00+00:00,208.92,209.07,208.73,208.79,60.54
2026-03-05 07:30:00+00:00,208.79,208.79,207.61,207.61,91.69
2026-03-05 07:45:00+00:00,207.61,207.69,206.72,207.27,143.6
2026-03-05 08:00:00+00:00,207.27,207.28,205.33,205.7,141.52
2026-03-05 08:15:00+00:00,205.7,206.23,205.48,205.52,62.28
2026-03-05 08:30:00+00:00,205.52,206.28,204.85,206.28,204.28
2026-03-05 08:45:00+00:00,206.28,207.33,206.21,207.33,50.13
2026-03-05 09:00:00+00:00,207.33,210.06,206.89,209.38,462.62
2026-03-05 09:15:00+00:00,209.38,209.77,208.72,209.33,139.71
2026-03-05 09:30:00+00:00,209.33,210.24,208.89,208.89,202.06
2026-03-05 09:45:00+00:00,208.89,209.44,208.59,209.4,164.49
2026-03-05 10:00:00+00:00,209.4,210.24,209.25,210.24,325.69
2026-03-05 10:15:00+00:00,210.24,211.96,209.96,211.74,318.01
2026-03-05 10:30:00+00:00,211.74,213.43,211.74,213.18,419.72
2026-03-05 10:45:00+00:00,213.18,214.51,213.04,213.6,380.24
2026-03-05 11:00:00+00:00,213.6,213.68,212.86,213.39,196.64
2026-03-05 11:15:00+00:00,213.39,213.81,212.87,212.97,192.41
2026-03-05 11:30:00+00:00,212.97,212.97,211.74,212.29,185.4
2026-03-05 11:45:00+00:00,212.29,212.74,211.55,211.57,92.63
2026-03-05 12:00:00+00:00,211.57,212.35,211.23,212.19,159.59
2026-03-05 12:15:00+00:00,212.19,212.79,211.58,212.11,78.49
2026-03-05 12:30:00+00:00,212.11,212.17,211.55,211.96,69.22
2026-03-05 12:45:00+00:00,211.96,212.4,211.91,212.18,132.24
2026-03-05 13:00:00+00:00,212.18,212.21,210.03,210.55,225.62
2026-03-05 13:15:00+00:00,210.55,210.96,209.09,210.04,278.52
2026-03-05 13:30:00+00:00,210.04,210.37,208.06,209.1,1260.58
2026-03-05 13:45:00+00:00,209.1,210.0,208.72,208.77,262.22
2026-03-05 14:00:00+00:00,208.77,209.67,208.72,208.99,643.11
2026-03-05 14:15:00+00:00,208.99,209.18,206.2,206.59,1273.71
2026-03-05 14:30:00+00:00,206.59,213.42,206.43,209.3,4353.72
2026-03-05 14:45:00+00:00,209.3,213.12,208.64,212.89,1975.87
2026-03-05 15:00:00+00:00,212.89,213.68,208.42,209.39,1082.27
2026-03-05 15:15:00+00:00,209.39,210.05,208.27,208.75,1238.35
2026-03-05 15:30:00+00:00,208.75,209.16,207.23,208.76,1303.29
2026-03-05 15:45:00+00:00,208.76,209.7,206.7,207.62,992.71
2026-03-05 16:00:00+00:00,207.62,207.84,204.64,205.62,1158.97
2026-03-05 16:15:00+00:00,205.62,206.07,204.7,205.53,1002.45
2026-03-05 16:30:00+00:00,205.53,207.58,205.31,206.6,965.7
2026-03-05 16:45:00+00:00,206.6,207.48,205.63,206.55,515.97
2026-03-05 17:00:00+00:00,206.55,208.49,206.31,207.76,699.1
2026-03-05 17:15:00+00:00,207.76,207.77,205.57,205.97,755.09
2026-03-05 17:30:00+00:00,205.97,206.19,202.96,203.4,999.08
2026-03-05 17:45:00+00:00,203.4,203.8,202.05,202.38,782.7
2026-03-05 18:00:00+00:00,202.38,204.0,202.09,203.77,1038.87
2026-03-05 18:15:00+00:00,203.77,203.89,201.89,202.01,819.54
2026-03-05 18:30:00+00:00,202.01,203.03,201.75,202.84,754.7
2026-03-05 18:45:00+00:00,202.84,202.88,201.74,202.01,501.29
2026-03-05 19:00:00+00:00,202.01,204.48,202.01,204.41,608.78
2026-03-05 19:15:00+00:00,204.41,205.14,203.36,203.69,560.36
2026-03-05 19:30:00+00:00,203.69,203.7,202.37,202.44,512.92
2026-03-05 19:45:00+00:00,202.44,203.93,202.33,203.14,511.42
2026-03-05 20:00:00+00:00,203.14,204.6,202.45,204.6,773.41
2026-03-05 20:15:00+00:00,204.6,206.17,204.45,205.57,590.51
2026-03-05 20:30:00+00:00,205.57,206.4,205.14,205.96,361.47
2026-03-05 20:45:00+00:00,205.96,206.65,205.43,206.02,301.98
2026-03-05 21:00:00+00:00,206.02,206.55,205.91,205.91,121.07
2026-03-05 21:30:00+00:00,206.52,206.54,205.67,205.84,31.9
2026-03-05 21:45:00+00:00,205.84,206.55,205.84,206.14,27.98
2026-03-05 22:00:00+00:00,206.14,206.21,205.51,205.51,89.92
2026-03-05 22:15:00+00:00,205.51,205.67,205.4,205.67,82.03
2026-03-05 22:30:00+00:00,205.67,205.89,205.62,205.89,3.04
2026-03-05 22:45:00+00:00,205.89,205.89,205.89,205.89,0.0
2026-03-05 23:00:00+00:00,205.89,205.89,205.89,205.89,0.0
2026-03-05 23:15:00+00:00,205.89,206.19,205.83,206.19,5.23
2026-03-05 23:30:00+00:00,206.19,206.19,205.79,205.81,3.03
2026-03-05 23:45:00+00:00,205.81,205.84,205.51,205.51,35.8
2026-03-06 00:00:00+00:00,205.51,206.18,205.51,206.09,165.19
2026-03-06 00:15:00+00:00,206.09,206.42,206.01,206.15,58.13
2026-03-06 00:30:00+00:00,206.15,206.15,205.93,206.05,12.33
2026-03-06 00:45:00+00:00,206.05,206.14,205.94,206.14,29.3
2026-03-06 01:00:00+00:00,206.14,206.51,205.87,205.94,164.68
2026-03-06 01:15:00+00:00,205.94,205.94,204.18,204.18,44.55
2026-03-06 01:30:00+00:00,204.18,206.51,204.18,206.3,101.46
2026-03-06 01:45:00+00:00,206.3,207.04,205.9,207.04,32.29
2026-03-06 02:00:00+00:00,207.04,207.88,206.78,207.8,143.24
2026-03-06 02:15:00+00:00,207.8,207.88,207.0,207.81,103.93
2026-03-06 02:30:00+00:00,207.81,207.87,207.44,207.86,12.33
2026-03-06 02:45:00+00:00,207.86,208.0,207.51,207.84,63.41
2026-03-06 03:00:00+00:00,207.84,207.84,207.23,207.23,66.99
2026-03-06 03:15:00+00:00,207.23,207.43,207.23,207.37,4.98
2026-03-06 03:30:00+00:00,207.37,207.97,207.37,207.68,42.81
2026-03-06 03:45:00+00:00,207.68,207.73,207.54,207.54,5.72
2026-03-06 04:00:00+00:00,207.54,207.73,207.02,207.02,22.7
2026-03-06 04:15:00+00:00,207.02,207.02,206.66,206.75,33.54
2026-03-06 04:30:00+00:00,206.75,206.75,205.15,205.66,339.92
2026-03-06 04:45:00+00:00,205.66,206.39,205.65,205.95,76.59
2026-03-06 05:00:00+00:00,205.95,205.95,205.64,205.81,6.37
2026-03-06 05:15:00+00:00,205.81,206.26,205.4,205.6,94.35
2026-03-06 05:30:00+00:00,205.6,205.68,204.57,204.57,93.5
2026-03-06 05:45:00+00:00,204.57,205.59,204.29,205.53,107.84
2026-03-06 06:00:00+00:00,205.53,205.54,204.66,204.66,70.28
2026-03-06 06:15:00+00:00,204.66,205.25,204.59,205.21,45.23
2026-03-06 06:30:00+00:00,205.21,205.83,204.82,205.78,36.24
2026-03-06 06:45:00+00:00,205.78,206.12,205.72,205.77,59.36
2026-03-06 07:00:00+00:00,205.77,206.08,205.0,205.21,46.17
2026-03-06 07:15:00+00:00,205.21,206.2,205.21,206.14,204.2
2026-03-06 07:30:00+00:00,206.14,206.4,205.98,206.4,48.83
2026-03-06 07:45:00+00:00,206.4,206.67,206.4,206.55,50.09
2026-03-06 08:00:00+00:00,206.55,206.81,206.55,206.71,45.5
2026-03-06 08:15:00+00:00,206.71,206.79,205.9,206.1,70.29
2026-03-06 08:30:00+00:00,206.1,206.61,206.01,206.34,60.73
2026-03-06 08:45:00+00:00,206.34,206.47,205.83,205.96,143.92
2026-03-06 09:00:00+00:00,205.96,206.34,205.57,205.58,156.42
2026-03-06 09:15:00+00:00,205.58,205.65,204.5,204.53,129.56
2026-03-06 09:30:00+00:00,204.53,204.69,204.07,204.62,122.83
2026-03-06 09:45:00+00:00,204.62,205.25,204.39,205.06,111.01
2026-03-06 10:00:00+00:00,205.06,205.81,205.06,205.64,87.55
2026-03-06 10:15:00+00:00,205.64,205.86,205.48,205.7,133.67
2026-03-06 10:30:00+00:00,205.7,205.79,205.06,205.16,116.16
2026-03-06 10:45:00+00:00,205.16,205.27,204.84,205.13,80.89
2026-03-06 11:00:00+00:00,205.13,205.2,204.4,204.83,97.25
2026-03-06 11:15:00+00:00,204.83,204.91,204.51,204.73,90.39
2026-03-06 11:30:00+00:00,204.73,204.73,203.44,203.5,65.72
2026-03-06 11:45:00+00:00,203.5,203.72,202.95,203.1,103.86
2026-03-06 12:00:00+00:00,203.1,203.1,201.31,202.04,778.89
2026-03-06 12:15:00+00:00,202.04,202.71,201.45,201.59,284.44
2026-03-06 12:30:00+00:00,201.59,201.59,200.72,200.98,306.24
2026-03-06 12:45:00+00:00,200.98,201.51,200.38,201.25,260.22
2026-03-06 13:00:00+00:00,201.25,202.16,201.19,201.63,432.04
2026-03-06 13:15:00+00:00,201.63,201.97,201.09,201.92,279.95
2026-03-06 13:30:00+00:00,201.92,202.21,199.62,200.14,1549.87
2026-03-06 13:45:00+00:00,200.14,200.14,197.73,197.92,807.46
2026-03-06 14:00:00+00:00,197.92,198.25,196.77,197.59,1373.45
2026-03-06 14:15:00+00:00,197.59,198.32,197.58,198.0,1390.1
2026-03-06 14:30:00+00:00,198.0,202.75,198.0,202.03,11480.51
2026-03-06 14:45:00+00:00,202.03,202.21,196.09,196.94,4967.55
2026-03-06 15:00:00+00:00,196.94,198.71,196.42,198.71,2499.93
2026-03-06 15:15:00+00:00,198.71,200.53,197.86,198.34,2809.67
2026-03-06 15:30:00+00:00,198.34,199.58,197.32,197.76,1622.12
2026-03-06 15:45:00+00:00,197.76,197.76,195.59,196.92,1365.34
2026-03-06 16:00:00+00:00,196.92,197.48,196.08,196.3,971.9
2026-03-06 16:15:00+00:00,196.3,198.39,196.3,197.86,888.29
2026-03-06 16:30:00+00:00,197.86,198.43,196.75,197.38,852.91
2026-03-06 16:45:00+00:00,197.38,199.25,197.38,198.17,496.91
2026-03-06 17:00:00+00:00,198.17,198.77,197.47,197.58,613.46
2026-03-06 17:15:00+00:00,197.58,197.71,196.1,196.84,488.36
2026-03-06 17:30:00+00:00,196.84,196.84,194.88,195.32,617.42
2026-03-06 17:45:00+00:00,195.32,196.81,195.23,196.17,302.98
2026-03-06 18:00:00+00:00,196.17,197.76,196.01,197.71,673.17
2026-03-06 18:15:00+00:00,197.71,197.86,196.8,196.92,443.75
2026-03-06 18:30:00+00:00,196.92,197.75,196.37,196.82,518.02
2026-03-06 18:45:00+00:00,196.82,196.95,195.56,195.56,801.5
2026-03-06 19:00:00+00:00,195.56,196.93,195.56,196.9,505.18
2026-03-06 19:15:00+00:00,196.9,197.47,196.33,196.93,641.0
2026-03-06 19:30:00+00:00,196.93,197.81,196.8,197.23,441.83
2026-03-06 19:45:00+00:00,197.23,197.46,196.63,197.18,344.34
2026-03-06 20:00:00+00:00,197.18,197.93,195.39,195.94,292.1
2026-03-06 20:15:00+00:00,195.94,196.76,195.32,195.55,192.11
2026-03-06 20:30:00+00:00,195.55,197.36,195.55,196.84,454.31
2026-03-06 20:45:00+00:00,196.84,197.64,196.64,197.35,190.61
2026-03-06 21:00:00+00:00,197.35,197.4,196.59,196.76,112.78
2026-03-06 21:15:00+00:00,196.76,197.17,196.74,196.85,36.96
2026-03-06 21:30:00+00:00,196.85,196.88,196.58,196.77,48.6
2026-03-06 21:45:00+00:00,196.77,197.37,196.7,197.07,86.62
2026-03-06 22:00:00+00:00,197.07,197.1,196.92,197.01,9.93
2026-03-06 22:15:00+00:00,197.01,197.18,197.01,197.18,5.04
2026-03-06 22:30:00+00:00,197.18,197.2,197.08,197.2,6.6
2026-03-06 22:45:00+00:00,197.2,197.2,196.88,197.04,6.76
2026-03-06 23:00:00+00:00,197.04,197.04,196.76,196.83,3.06
2026-03-06 23:15:00+00:00,196.83,197.08,196.63,196.68,64.39
2026-03-06 23:30:00+00:00,196.68,196.76,196.53,196.54,49.79
2026-03-06 23:45:00+00:00,196.54,196.59,196.42,196.47,49.0
2026-03-07 00:00:00+00:00,196.47,196.51,196.22,196.5,59.69
2026-03-07 00:15:00+00:00,196.5,196.61,196.36,196.49,71.87
2026-03-07 00:30:00+00:00,196.49,196.49,196.25,196.42,51.59
2026-03-07 00:45:00+00:00,196.42,196.55,196.22,196.39,202.05
2026-03-07 01:00:00+00:00,196.39,196.58,196.07,196.07,169.83
2026-03-07 01:15:00+00:00,196.07,196.21,196.07,196.12,0.23
2026-03-07 01:30:00+00:00,196.12,196.25,196.03,196.25,7.46
2026-03-07 01:45:00+00:00,196.25,196.37,196.25,196.35,25.98
2026-03-07 02:00:00+00:00,196.35,196.45,196.3,196.3,1.94
2026-03-07 02:15:00+00:00,196.3,196.3,196.12,196.12,5.0
2026-03-07 02:30:00+00:00,196.12,196.12,196.12,196.12,0.0
2026-03-07 02:45:00+00:00,196.12,196.12,196.12,196.12,0.19
2026-03-07 03:00:00+00:00,196.12,196.73,196.12,196.73,23.61
2026-03-07 03:15:00+00:00,196.73,196.73,196.3,196.37,17.94
2026-03-07 03:30:00+00:00,196.37,196.37,196.17,196.17,3.29
2026-03-07 03:45:00+00:00,196.17,196.17,196.04,196.04,0.88
2026-03-07 04:00:00+00:00,196.04,196.1,195.53,195.74,251.05
2026-03-07 04:15:00+00:00,195.74,196.13,195.74,196.13,34.77
2026-03-07 04:30:00+00:00,196.13,196.13,196.07,196.08,14.12
2026-03-07 04:45:00+00:00,196.08,196.09,196.08,196.09,0.26
2026-03-07 05:00:00+00:00,196.09,196.2,196.04,196.04,0.4
2026-03-07 05:15:00+00:00,196.04,196.04,196.0,196.04,2.19
2026-03-07 05:30:00+00:00,196.04,196.04,196.04,196.04,0.0
2026-03-07 05:45:00+00:00,196.04,196.04,195.97,195.97,4.27
2026-03-07 06:00:00+00:00,195.97,196.13,195.97,195.97,16.15
2026-03-07 06:15:00+00:00,195.97,196.07,195.73,195.78,31.58
2026-03-07 06:30:00+00:00,195.78,195.9,195.68,195.72,74.01
2026-03-07 06:45:00+00:00,195.72,195.92,195.43,195.64,327.97
2026-03-07 07:00:00+00:00,195.64,195.66,195.47,195.6,263.89
2026-03-07 07:15:00+00:00,195.6,195.77,195.51,195.77,18.23
2026-03-07 07:30:00+00:00,195.77,195.77,195.74,195.74,6.47
2026-03-07 07:45:00+00:00,195.74,195.84,195.68,195.68,122.24
2026-03-07 08:00:00+00:00,195.68,195.87,195.68,195.79,16.94
2026-03-07 08:15:00+00:00,195.79,196.01,195.79,196.01,8.06
2026-03-07 08:30:00+00:00,196.01,196.01,196.01,196.01,0.0
2026-03-07 08:45:00+00:00,196.01,196.02,195.9,195.9,0.96
2026-03-07 09:00:00+00:00,195.9,195.9,195.9,195.9,0.0
2026-03-07 09:15:00+00:00,195.9,196.02,195.9,196.02,0.03
2026-03-07 09:30:00+00:00,196.02,196.03,195.97,195.99,2.35
2026-03-07 09:45:00+00:00,195.99,196.05,195.99,196.04,1.73
2026-03-07 10:00:00+00:00,196.04,196.07,195.97,196.07,12.87
2026-03-07 10:15:00+00:00,196.07,196.09,196.03,196.04,4.1
2026-03-07 10:30:00+00:00,196.04,196.12,196.03,196.11,8.17
2026-03-07 10:45:00+00:00,196.11,196.11,195.99,195.99,3.22
2026-03-07 11:00:00+00:00,195.99,196.35,195.9,196.33,41.59
2026-03-07 11:15:00+00:00,196.33,196.33,196.15,196.25,12.07
2026-03-07 11:30:00+00:00,196.25,196.25,196.17,196.21,22.72
2026-03-07 11:45:00+00:00,196.21,196.21,196.21,196.21,0.0
2026-03-07 12:00:00+00:00,196.21,196.21,196.21,196.21,0.0
2026-03-07 12:15:00+00:00,196.21,196.21,196.08,196.08,0.49
2026-03-07 12:30:00+00:00,196.08,196.08,195.88,195.88,3.76
2026-03-07 12:45:00+00:00,195.88,195.9,195.82,195.82,3.85
2026-03-07 13:00:00+00:00,195.82,195.91,195.79,195.85,15.61
2026-03-07 13:15:00+00:00,195.85,196.0,195.84,195.96,10.4
2026-03-07 13:30:00+00:00,195.96,196.0,195.86,195.94,15.35
2026-03-07 13:45:00+00:00,195.94,195.94,195.9,195.91,1.02
2026-03-07 14:00:00+00:00,195.91,195.96,195.65,195.75,25.86
2026-03-07 14:15:00+00:00,195.75,195.75,195.75,195.75,0.0
2026-03-07 14:30:00+00:00,195.75,196.18,195.75,196.18,48.33
2026-03-07 14:45:00+00:00,196.18,196.23,196.12,196.12,15.14
2026-03-07 15:00:00+00:00,196.12,196.18,196.12,196.18,8.01
2026-03-07 15:15:00+00:00,196.18,196.18,196.0,196.06,2.25
2026-03-07 15:30:00+00:00,196.06,196.08,195.77,195.86,31.26
2026-03-07 15:45:00+00:00,195.86,196.13,195.86,196.13,1.96
2026-03-07 16:00:00+00:00,196.13,196.13,196.0,196.0,3.39
2026-03-07 16:15:00+00:00,196.0,196.03,196.0,196.03,0.49
2026-03-07 16:30:00+00:00,196.03,196.03,195.92,195.92,4.52
2026-03-07 16:45:00+00:00,195.92,196.05,195.92,196.05,18.52
2026-03-07 17:00:00+00:00,196.05,196.07,195.98,195.99,14.63
2026-03-07 17:15:00+00:00,195.99,196.1,195.99,196.05,11.55
2026-03-07 17:30:00+00:00,196.05,196.06,196.05,196.05,0.99
2026-03-07 17:45:00+00:00,196.05,196.07,195.99,195.99,4.84
2026-03-07 18:00:00+00:00,195.99,195.99,195.42,195.51,40.46
2026-03-07 18:15:00+00:00,195.51,195.54,195.47,195.52,17.49
2026-03-07 18:30:00+00:00,195.52,195.52,195.39,195.5,30.67
2026-03-07 18:45:00+00:00,195.5,195.51,195.43,195.43,27.25
2026-03-07 19:00:00+00:00,195.43,195.53,195.25,195.53,267.61
2026-03-07 19:15:00+00:00,195.53,195.59,195.18,195.3,138.36
2026-03-07 19:30:00+00:00,195.3,195.4,195.2,195.3,39.25
2026-03-07 19:45:00+00:00,195.3,195.3,195.09,195.15,40.46
2026-03-07 20:00:00+00:00,195.15,195.59,195.15,195.56,77.31
2026-03-07 20:15:00+00:00,195.56,195.58,195.37,195.46,5.13
2026-03-07 20:30:00+00:00,195.46,195.66,195.42,195.55,49.65
2026-03-07 20:45:00+00:00,195.55,195.65,195.54,195.59,13.0
2026-03-07 21:00:00+00:00,195.59,195.7,195.59,195.65,50.5
2026-03-07 21:15:00+00:00,195.65,195.7,195.59,195.61,83.16
2026-03-07 21:30:00+00:00,195.61,195.69,195.55,195.63,75.06
2026-03-07 21:45:00+00:00,195.63,195.73,195.61,195.73,44.39
2026-03-07 22:00:00+00:00,195.73,195.9,195.71,195.85,42.65
2026-03-07 22:15:00+00:00,195.85,196.01,195.76,195.86,69.65
2026-03-07 22:30:00+00:00,195.86,195.86,195.51,195.72,47.69
2026-03-07 22:45:00+00:00,195.72,195.89,195.68,195.68,11.62
2026-03-07 23:00:00+00:00,195.68,195.76,195.57,195.76,3.87
2026-03-07 23:15:00+00:00,195.76,195.76,195.67,195.67,6.18
2026-03-07 23:45:00+00:00,195.61,195.68,195.5,195.58,13.34
2026-03-08 00:00:00+00:00,195.58,195.72,195.55,195.72,18.49
2026-03-08 00:15:00+00:00,195.72,195.72,195.44,195.44,19.32
2026-03-08 00:30:00+00:00,195.44,195.49,195.43,195.49,11.04
2026-03-08 00:45:00+00:00,195.49,195.56,195.44,195.46,16.35
2026-03-08 01:00:00+00:00,195.46,195.59,195.46,195.52,1.62
2026-03-08 01:15:00+00:00,195.52,195.63,195.52,195.63,4.94
2026-03-08 01:30:00+00:00,195.63,195.7,195.47,195.68,21.83
2026-03-08 01:45:00+00:00,195.68,195.72,195.64,195.67,5.44
2026-03-08 02:00:00+00:00,195.67,195.67,195.54,195.56,9.79
2026-03-08 02:15:00+00:00,195.56,195.72,195.56,195.64,14.11
2026-03-08 02:30:00+00:00,195.64,195.96,195.55,195.81,92.17
2026-03-08 02:45:00+00:00,195.81,195.82,195.23,195.26,113.98
2026-03-08 03:00:00+00:00,195.26,195.56,195.26,195.5,36.53
2026-03-08 03:15:00+00:00,195.5,195.75,195.5,195.68,49.76
2026-03-08 03:30:00+00:00,195.68,195.8,195.61,195.8,62.39
2026-03-08 03:45:00+00:00,195.8,195.99,195.8,195.88,30.01
2026-03-08 04:00:00+00:00,195.88,196.0,195.57,195.57,177.26
2026-03-08 04:15:00+00:00,195.57,195.75,195.3,195.3,36.66
2026-03-08 04:30:00+00:00,195.3,195.3,194.99,195.12,77.03
2026-03-08 04:45:00+00:00,195.12,195.13,194.39,194.4,109.15
2026-03-08 05:00:00+00:00,194.4,195.48,194.4,195.48,142.13
2026-03-08 05:15:00+00:00,195.48,195.74,195.48,195.74,25.63
2026-03-08 05:30:00+00:00,195.74,195.74,195.74,195.74,3.11
2026-03-08 05:45:00+00:00,195.74,195.79,195.71,195.71,8.25
2026-03-08 06:00:00+00:00,195.71,195.71,195.55,195.55,7.48
2026-03-08 06:15:00+00:00,195.55,195.62,195.55,195.62,5.71
2026-03-08 06:30:00+00:00,195.62,195.8,195.58,195.8,33.74
2026-03-08 06:45:00+00:00,195.8,195.83,195.68,195.71,38.65
2026-03-08 07:00:00+00:00,195.71,195.96,195.71,195.88,13.02
2026-03-08 07:15:00+00:00,195.88,195.91,195.82,195.82,0.42
2026-03-08 07:30:00+00:00,195.82,195.93,195.81,195.84,0.75
2026-03-08 07:45:00+00:00,195.84,195.84,195.84,195.84,0.0
2026-03-08 08:00:00+00:00,195.84,195.84,195.5,195.5,19.01
2026-03-08 08:15:00+00:00,195.5,195.5,195.31,195.49,36.87
2026-03-08 08:30:00+00:00,195.49,195.65,195.38,195.61,21.41
2026-03-08 08:45:00+00:00,195.61,195.7,195.48,195.61,22.2
2026-03-08 09:00:00+00:00,195.61,195.96,195.61,195.96,103.64
2026-03-08 09:15:00+00:00,195.96,196.0,195.82,195.86,24.16
2026-03-08 09:30:00+00:00,195.86,195.93,195.78,195.78,13.05
2026-03-08 09:45:00+00:00,195.78,195.78,195.78,195.78,0.0
2026-03-08 10:00:00+00:00,195.78,196.0,195.78,195.97,0.77
2026-03-08 10:15:00+00:00,195.97,196.49,195.97,196.49,132.21
2026-03-08 10:30:00+00:00,196.49,196.83,196.45,196.55,68.13
2026-03-08 10:45:00+00:00,196.55,196.55,196.09,196.26,112.77
2026-03-08 11:00:00+00:00,196.26,196.26,195.21,195.22,219.15
2026-03-08 11:15:00+00:00,195.22,195.48,195.22,195.47,17.52
2026-03-08 11:30:00+00:00,195.47,195.47,194.99,195.04,37.94
2026-03-08 11:45:00+00:00,195.04,195.04,194.86,195.03,15.14
2026-03-08 12:00:00+00:00,195.03,195.16,194.54,194.54,100.88
2026-03-08 12:15:00+00:00,194.54,195.19,194.54,195.17,64.42
2026-03-08 12:30:00+00:00,195.17,195.17,194.89,195.06,14.51
2026-03-08 12:45:00+00:00,195.06,195.06,194.97,194.97,2.57
2026-03-08 13:00:00+00:00,194.97,195.02,194.62,194.62,129.24
2026-03-08 13:15:00+00:00,194.62,194.94,194.45,194.94,90.52
2026-03-08 13:30:00+00:00,194.94,194.94,194.44,194.51,95.43
2026-03-08 13:45:00+00:00,194.51,195.2,194.51,195.11,87.05
2026-03-08 14:00:00+00:00,195.11,195.23,195.05,195.07,16.81
2026-03-08 14:15:00+00:00,195.07,195.27,195.07,195.27,32.06
2026-03-08 14:30:00+00:00,195.27,195.38,195.03,195.03,44.4
2026-03-08 14:45:00+00:00,195.03,195.4,195.01,195.35,5.31
2026-03-08 15:00:00+00:00,195.35,195.42,195.29,195.37,11.87
2026-03-08 15:15:00+00:00,195.37,195.37,195.22,195.22,2.05
2026-03-08 15:30:00+00:00,195.22,195.22,194.94,194.94,10.72
2026-03-08 15:45:00+00:00,194.94,195.15,194.91,195.0,51.94
2026-03-08 16:00:00+00:00,195.0,195.0,194.27,194.53,231.78
2026-03-08 16:15:00+00:00,194.53,194.53,194.37,194.37,16.27
2026-03-08 16:30:00+00:00,194.37,194.37,193.68,193.88,325.69
2026-03-08 16:45:00+00:00,193.88,194.02,193.61,193.72,180.8
2026-03-08 17:00:00+00:00,193.72,194.19,193.64,194.19,129.24
2026-03-08 17:15:00+00:00,194.19,194.19,194.1,194.16,17.69
2026-03-08 17:30:00+00:00,194.16,194.16,194.0,194.06,2.26
2026-03-08 17:45:00+00:00,194.06,194.2,194.01,194.09,4.07
2026-03-08 18:00:00+00:00,194.09,194.09,193.88,193.88,10.31
2026-03-08 18:15:00+00:00,193.88,193.93,193.52,193.69,104.28
2026-03-08 18:30:00+00:00,193.69,193.75,193.51,193.51,18.65
2026-03-08 18:45:00+00:00,193.51,193.6,193.42,193.57,71.84
2026-03-08 19:00:00+00:00,193.57,193.8,193.52,193.8,25.17
2026-03-08 19:15:00+00:00,193.8,194.1,193.8,194.03,57.59
2026-03-08 19:30:00+00:00,194.03,194.41,194.03,194.39,99.19
2026-03-08 19:45:00+00:00,194.39,194.71,194.39,194.58,134.81
2026-03-08 20:00:00+00:00,194.58,194.58,194.25,194.25,23.47
2026-03-08 20:15:00+00:00,194.25,194.31,193.92,193.94,41.36
2026-03-08 20:30:00+00:00,193.94,194.92,193.94,194.47,87.28
2026-03-08 20:45:00+00:00,194.47,194.51,194.21,194.32,23.91
2026-03-08 21:00:00+00:00,194.32,194.56,193.35,193.49,307.54
2026-03-08 21:15:00+00:00,193.49,194.54,193.49,194.16,317.01
2026-03-08 21:30:00+00:00,194.16,194.16,193.72,193.85,111.32
2026-03-08 21:45:00+00:00,193.85,193.85,193.64,193.83,108.48
2026-03-08 22:00:00+00:00,193.83,193.83,191.93,192.24,860.03
2026-03-08 22:15:00+00:00,192.24,192.54,190.92,191.12,591.73
2026-03-08 22:30:00+00:00,191.12,191.88,190.53,191.08,372.05
2026-03-08 22:45:00+00:00,191.08,191.99,191.08,191.91,98.11
2026-03-08 23:00:00+00:00,191.91,192.26,191.36,191.8,47.17
2026-03-08 23:15:00+00:00,191.8,192.56,191.63,192.17,70.72
2026-03-08 23:30:00+00:00,192.17,192.21,191.2,191.31,78.69
2026-03-08 23:45:00+00:00,191.31,191.46,190.93,190.93,105.82
2026-03-09 00:00:00+00:00,190.93,191.44,190.0,191.39,3232.79
2026-03-09 00:15:00+00:00,191.39,191.39,187.93,188.11,984.96
2026-03-09 00:30:00+00:00,188.11,189.88,188.11,189.0,362.69
2026-03-09 00:45:00+00:00,189.0,189.78,188.71,189.46,236.42
2026-03-09 01:00:00+00:00,189.46,189.99,188.82,189.2,369.76
2026-03-09 01:15:00+00:00,189.2,189.62,188.61,189.27,146.27
2026-03-09 01:30:00+00:00,189.27,190.3,189.27,189.56,209.43
2026-03-09 01:45:00+00:00,189.56,189.9,188.33,188.66,177.55
2026-03-09 02:00:00+00:00,188.66,189.39,188.45,188.79,131.77
2026-03-09 02:15:00+00:00,188.79,189.19,188.06,188.75,109.2
2026-03-09 02:30:00+00:00,188.75,190.61,188.57,190.57,194.79
2026-03-09 02:45:00+00:00,190.57,191.14,190.56,191.03,245.49
2026-03-09 03:00:00+00:00,191.03,192.94,190.92,192.06,842.16
2026-03-09 03:15:00+00:00,192.06,192.97,191.3,191.68,204.34
2026-03-09 03:30:00+00:00,191.68,192.28,191.44,191.6,140.14
2026-03-09 03:45:00+00:00,191.6,192.01,191.27,191.81,113.2
2026-03-09 04:00:00+00:00,191.81,192.28,191.81,191.88,42.7
2026-03-09 04:15:00+00:00,191.88,193.25,191.44,193.25,112.51
2026-03-09 04:30:00+00:00,193.25,193.31,192.32,192.49,76.74
2026-03-09 04:45:00+00:00,192.49,192.49,191.24,191.33,70.2
2026-03-09 05:00:00+00:00,191.33,191.88,191.19,191.55,103.79
2026-03-09 05:15:00+00:00,191.55,192.48,191.34,192.35,99.57
2026-03-09 05:30:00+00:00,192.35,194.64,192.35,194.34,179.82
2026-03-09 05:45:00+00:00,194.34,195.32,193.87,194.52,232.47
2026-03-09 06:00:00+00:00,194.52,194.77,194.14,194.77,56.88
2026-03-09 06:15:00+00:00,194.77,194.77,194.02,194.11,73.51
2026-03-09 06:30:00+00:00,194.11,194.11,193.18,193.31,84.65
2026-03-09 06:45:00+00:00,193.31,193.31,192.03,192.13,66.87
2026-03-09 07:00:00+00:00,192.13,192.13,191.6,191.98,78.53
2026-03-09 07:15:00+00:00,191.98,193.09,191.3,193.09,161.89
2026-03-09 07:30:00+00:00,193.09,193.45,192.53,193.45,77.49
2026-03-09 07:45:00+00:00,193.45,193.45,192.45,193.01,88.27
2026-03-09 08:00:00+00:00,193.01,193.4,192.76,192.97,583.84
2026-03-09 08:15:00+00:00,192.97,193.84,192.08,193.43,214.68
2026-03-09 08:30:00+00:00,193.43,193.95,193.08,193.3,119.56
2026-03-09 08:45:00+00:00,193.3,194.14,193.11,193.95,63.37
2026-03-09 09:00:00+00:00,193.95,193.95,192.94,193.42,88.39
2026-03-09 09:15:00+00:00,193.42,195.43,193.42,195.21,100.75
2026-03-09 09:30:00+00:00,195.21,197.61,194.74,197.44,327.12
2026-03-09 09:45:00+00:00,197.44,197.71,195.8,196.04,264.16
2026-03-09 10:00:00+00:00,196.04,196.24,195.3,195.31,149.5
2026-03-09 10:15:00+00:00,195.31,195.55,194.9,195.16,154.86
2026-03-09 10:30:00+00:00,195.16,195.28,194.77,194.98,36.17
2026-03-09 10:45:00+00:00,194.98,195.01,194.69,195.0,69.53
2026-03-09 11:00:00+00:00,195.0,195.24,194.59,194.9,61.46
2026-03-09 11:15:00+00:00,194.9,194.9,194.06,194.51,92.23
2026-03-09 11:30:00+00:00,194.51,195.03,194.18,194.79,122.2
2026-03-09 11:45:00+00:00,194.79,195.37,194.79,195.11,97.03
2026-03-09 12:00:00+00:00,195.11,195.94,195.05,195.94,116.92
2026-03-09 12:15:00+00:00,195.94,197.26,195.94,197.26,90.53
2026-03-09 12:30:00+00:00,197.26,197.69,196.7,196.84,226.56
2026-03-09 12:45:00+00:00,196.84,196.84,195.94,196.22,124.57
2026-03-09 13:00:00+00:00,196.22,198.16,196.22,198.14,309.51
2026-03-09 13:15:00+00:00,198.14,198.79,197.07,198.44,454.3
2026-03-09 13:30:00+00:00,198.44,203.56,196.89,203.24,4294.15
2026-03-09 13:45:00+00:00,203.24,203.4,198.01,198.62,2647.7
2026-03-09 14:00:00+00:00,198.62,199.75,193.14,193.53,3124.64
2026-03-09 14:15:00+00:00,193.53,198.41,192.9,197.01,2220.3
2026-03-09 14:30:00+00:00,197.01,199.12,196.93,198.28,1606.62
2026-03-09 14:45:00+00:00,198.28,198.74,196.86,197.32,1222.88
2026-03-09 15:00:00+00:00,197.32,199.06,197.22,199.04,752.31
2026-03-09 15:15:00+00:00,199.04,199.65,197.37,198.68,1094.21
2026-03-09 15:30:00+00:00,198.68,199.87,196.01,196.44,915.89
2026-03-09 15:45:00+00:00,196.44,197.35,196.13,196.85,777.85
2026-03-09 16:00:00+00:00,196.85,197.69,195.39,195.43,818.86
2026-03-09 16:15:00+00:00,195.43,197.92,195.06,197.35,940.9
2026-03-09 16:30:00+00:00,197.35,197.66,196.18,197.52,913.88
2026-03-09 16:45:00+00:00,197.52,198.0,196.92,197.82,660.9
2026-03-09 17:00:00+00:00,197.82,197.97,196.9,197.35,645.64
2026-03-09 17:15:00+00:00,197.35,197.77,195.61,195.87,639.4
2026-03-09 17:30:00+00:00,195.87,196.77,194.65,195.06,604.11
2026-03-09 17:45:00+00:00,195.06,195.53,194.77,195.19,626.22
2026-03-09 18:00:00+00:00,195.19,195.45,193.92,195.34,551.51
2026-03-09 18:15:00+00:00,195.34,196.37,194.98,195.37,511.68
2026-03-09 18:30:00+00:00,195.37,196.33,195.37,195.52,808.3
2026-03-09 18:45:00+00:00,195.52,195.54,194.59,194.65,297.98
2026-03-09 19:00:00+00:00,194.65,195.66,194.65,194.97,331.31
2026-03-09 19:15:00+00:00,194.97,201.39,194.87,201.15,1895.49
2026-03-09 19:30:00+00:00,201.15,201.37,199.13,200.31,2058.75
2026-03-09 19:45:00+00:00,200.31,200.54,199.57,199.99,952.59
2026-03-09 20:00:00+00:00,199.99,200.8,199.4,200.17,598.88
2026-03-09 20:15:00+00:00,200.17,200.6,199.65,200.6,318.91
2026-03-09 20:30:00+00:00,200.6,200.6,200.19,200.41,136.26
2026-03-09 20:45:00+00:00,200.41,200.46,200.11,200.4,22.45
2026-03-09 21:00:00+00:00,200.4,200.65,200.29,200.29,19.84
2026-03-09 21:15:00+00:00,200.29,200.29,199.66,199.66,13.63
2026-03-09 21:30:00+00:00,199.66,199.93,199.66,199.93,0.93
2026-03-09 21:45:00+00:00,199.93,199.99,199.89,199.89,33.46
2026-03-09 22:00:00+00:00,199.89,200.12,199.8,199.8,165.47
2026-03-09 22:15:00+00:00,199.8,199.8,199.66,199.66,27.99
2026-03-09 22:30:00+00:00,199.66,199.77,198.41,198.52,311.41
2026-03-09 22:45:00+00:00,198.52,198.67,197.96,198.01,43.74
2026-03-09 23:00:00+00:00,198.01,198.32,197.8,198.32,74.4
2026-03-09 23:15:00+00:00,198.32,198.52,198.13,198.28,29.37
2026-03-09 23:30:00+00:00,198.28,198.42,198.13,198.18,30.53
2026-03-09 23:45:00+00:00,198.18,198.22,198.11,198.22,6.75
2026-03-10 00:00:00+00:00,198.22,198.4,197.42,197.93,176.93
2026-03-10 00:15:00+00:00,197.93,199.8,197.93,199.8,116.67
2026-03-10 00:30:00+00:00,199.8,201.41,199.8,201.17,176.56
2026-03-10 00:45:00+00:00,201.17,201.63,200.51,201.39,238.89
2026-03-10 01:00:00+00:00,201.39,201.41,200.79,200.93,94.72
2026-03-10 01:15:00+00:00,200.93,200.94,200.11,200.6,110.92
2026-03-10 01:30:00+00:00,200.6,200.6,199.69,200.25,89.58
2026-03-10 02:00:00+00:00,201.0,201.39,200.58,200.82,74.28
2026-03-10 02:15:00+00:00,200.82,201.54,200.82,201.38,99.74
2026-03-10 02:30:00+00:00,201.38,203.58,201.31,203.37,280.31
2026-03-10 02:45:00+00:00,203.37,204.28,203.02,203.09,170.74
2026-03-10 03:00:00+00:00,203.09,203.32,202.38,202.98,323.0
2026-03-10 03:15:00+00:00,202.98,203.12,202.1,202.69,136.89
2026-03-10 03:30:00+00:00,202.69,202.96,201.38,201.38,65.16
2026-03-10 03:45:00+00:00,201.38,201.38,200.11,200.13,65.14
2026-03-10 04:00:00+00:00,200.13,201.0,200.1,201.0,44.89
2026-03-10 04:15:00+00:00,201.0,201.27,200.73,201.17,67.25
2026-03-10 04:30:00+00:00,201.17,202.09,201.17,202.09,14.84
2026-03-10 04:45:00+00:00,202.09,202.24,201.66,202.18,37.76
2026-03-10 05:00:00+00:00,202.18,202.66,201.82,202.53,151.87
2026-03-10 05:15:00+00:00,202.53,202.53,201.71,201.71,37.83
2026-03-10 05:30:00+00:00,201.71,202.26,201.61,201.61,52.33
2026-03-10 05:45:00+00:00,201.61,202.1,201.56,202.03,15.78
2026-03-10 06:00:00+00:00,202.03,202.03,201.55,201.55,7.06
2026-03-10 06:15:00+00:00,201.55,202.3,201.21,202.25,62.14
2026-03-10 06:30:00+00:00,202.25,202.25,201.53,201.64,49.22
2026-03-10 06:45:00+00:00,201.64,202.2,201.51,202.03,278.96
2026-03-10 07:00:00+00:00,202.03,202.85,201.86,202.72,68.08
2026-03-10 07:15:00+00:00,202.72,203.91,202.72,203.59,126.28
2026-03-10 07:30:00+00:00,203.59,203.78,203.2,203.52,157.75
2026-03-10 07:45:00+00:00,203.52,203.91,203.52,203.85,47.02
2026-03-10 08:00:00+00:00,203.85,205.35,203.27,205.25,2670.97
2026-03-10 08:15:00+00:00,205.25,205.77,205.15,205.59,622.49
2026-03-10 08:30:00+00:00,205.59,206.43,205.59,206.29,222.47
2026-03-10 08:45:00+00:00,206.29,206.4,205.37,205.45,535.35
2026-03-10 09:00:00+00:00,205.45,205.96,205.43,205.93,388.73
2026-03-10 09:15:00+00:00,205.93,207.23,205.74,207.19,601.44
2026-03-10 09:30:00+00:00,207.19,208.13,206.96,207.82,754.44
2026-03-10 09:45:00+00:00,207.82,207.82,206.81,206.81,195.31
2026-03-10 10:00:00+00:00,206.81,206.81,206.36,206.45,154.98
2026-03-10 10:15:00+00:00,206.45,206.78,205.96,206.38,312.37
2026-03-10 10:30:00+00:00,206.38,206.83,205.45,205.85,819.21
2026-03-10 10:45:00+00:00,205.85,206.25,205.65,205.74,345.54
2026-03-10 11:00:00+00:00,205.74,206.1,204.68,204.7,394.3
2026-03-10 11:15:00+00:00,204.7,205.29,204.67,204.86,311.91
2026-03-10 11:30:00+00:00,204.86,205.01,204.32,204.33,186.39
2026-03-10 11:45:00+00:00,204.33,204.6,204.11,204.28,269.07
2026-03-10 12:00:00+00:00,204.28,204.29,203.19,203.47,357.44
2026-03-10 12:15:00+00:00,203.47,203.83,203.23,203.36,169.42
2026-03-10 12:30:00+00:00,203.36,203.76,202.69,203.73,764.43
2026-03-10 12:45:00+00:00,203.73,204.32,203.38,203.71,602.04
2026-03-10 13:00:00+00:00,203.71,204.56,203.71,204.53,380.85
2026-03-10 13:15:00+00:00,204.53,205.58,204.31,204.86,2155.4
2026-03-10 13:30:00+00:00,204.86,205.72,196.86,196.88,19919.7
2026-03-10 13:45:00+00:00,196.88,201.66,196.38,198.67,13545.56
2026-03-10 14:00:00+00:00,198.67,199.1,195.49,196.11,11345.71
2026-03-10 14:15:00+00:00,196.11,197.22,194.93,196.46,9968.91
2026-03-10 14:30:00+00:00,196.46,198.07,195.82,197.9,6157.53
2026-03-10 14:45:00+00:00,197.9,199.27,197.4,198.63,3286.5
2026-03-10 15:00:00+00:00,198.63,199.06,197.5,198.36,2751.51
2026-03-10 15:15:00+00:00,198.36,199.56,197.72,198.87,1177.53
2026-03-10 15:30:00+00:00,198.87,199.45,197.81,198.44,3785.62
2026-03-10 15:45:00+00:00,198.44,198.74,197.41,198.44,2746.11
2026-03-10 16:00:00+00:00,198.44,198.76,196.78,197.35,3384.59
2026-03-10 16:15:00+00:00,197.35,199.69,197.3,198.17,3690.5
2026-03-10 16:30:00+00:00,198.17,199.85,198.17,199.27,1730.45
2026-03-10 16:45:00+00:00,199.27,200.17,198.24,199.63,1183.47
2026-03-10 17:00:00+00:00,199.63,201.01,199.6,199.85,1529.21
2026-03-10 17:15:00+00:00,199.85,200.58,199.27,199.89,1521.86
2026-03-10 17:30:00+00:00,199.89,199.89,196.94,198.46,3957.66
2026-03-10 17:45:00+00:00,198.46,199.8,198.18,198.59,1743.15
2026-03-10 18:00:00+00:00,198.59,199.34,196.89,196.93,2505.67
2026-03-10 18:15:00+00:00,196.93,198.04,196.0,197.12,5865.42
2026-03-10 18:30:00+00:00,197.12,198.32,196.31,196.35,3169.14
2026-03-10 18:45:00+00:00,196.35,197.14,195.51,195.72,2317.47
2026-03-10 19:00:00+00:00,195.72,196.97,195.69,196.61,3466.14
2026-03-10 19:15:00+00:00,196.61,198.35,196.58,196.84,2575.01
2026-03-10 19:30:00+00:00,196.84,198.21,196.5,197.62,2766.37
2026-03-10 19:45:00+00:00,197.62,197.9,196.51,196.68,1379.04
2026-03-10 20:00:00+00:00,196.68,197.07,196.57,196.76,647.05
2026-03-10 20:15:00+00:00,196.76,197.12,196.66,197.11,67.71
2026-03-10 20:30:00+00:00,197.11,197.24,196.67,196.74,198.38
2026-03-10 20:45:00+00:00,196.74,197.02,196.74,196.98,51.68
2026-03-10 21:00:00+00:00,196.98,197.04,196.79,196.79,68.7
2026-03-10 21:15:00+00:00,196.79,197.02,196.73,197.02,44.22
2026-03-10 21:30:00+00:00,197.02,197.02,196.52,196.73,127.69
2026-03-10 21:45:00+00:00,196.73,196.73,196.49,196.73,60.11
2026-03-10 22:00:00+00:00,196.73,196.83,195.86,195.91,99.3
2026-03-10 22:15:00+00:00,195.91,196.31,195.91,196.08,127.35
2026-03-10 22:30:00+00:00,196.08,196.08,195.8,195.95,57.58
2026-03-10 22:45:00+00:00,195.95,196.03,195.88,195.9,24.47
2026-03-10 23:00:00+00:00,195.9,196.38,195.9,196.33,8.01
2026-03-10 23:15:00+00:00,196.33,196.4,196.26,196.26,0.56
2026-03-10 23:30:00+00:00,196.26,196.39,196.08,196.19,46.36
2026-03-10 23:45:00+00:00,196.19,196.52,196.15,196.48,21.78
2026-03-11 00:00:00+00:00,196.48,197.17,196.4,197.17,530.85
2026-03-11 00:15:00+00:00,197.17,197.89,196.94,197.88,307.48
2026-03-11 00:30:00+00:00,197.88,197.88,197.05,197.05,92.39
2026-03-11 00:45:00+00:00,197.05,198.35,197.05,197.79,175.87
2026-03-11 01:00:00+00:00,197.79,198.27,197.73,198.27,27.01
2026-03-11 01:15:00+00:00,198.27,198.45,198.05,198.17,19.75
2026-03-11 01:30:00+00:00,198.17,198.17,197.54,197.54,93.18
2026-03-11 01:45:00+00:00,197.54,198.26,197.54,198.26,16.55
2026-03-11 02:00:00+00:00,198.26,198.26,197.83,197.83,12.22
2026-03-11 02:15:00+00:00,197.83,197.83,197.38,197.5,36.21
2026-03-11 02:30:00+00:00,197.5,197.6,196.74,196.94,94.27
2026-03-11 02:45:00+00:00,196.94,197.47,196.94,197.32,11.04
2026-03-11 03:00:00+00:00,197.32,197.43,197.25,197.26,3.27
2026-03-11 03:15:00+00:00,197.26,197.26,196.27,196.57,106.35
2026-03-11 03:30:00+00:00,196.57,196.78,196.57,196.72,165.29
2026-03-11 03:45:00+00:00,196.72,196.86,196.59,196.62,128.74
2026-03-11 04:00:00+00:00,196.62,196.82,196.62,196.82,38.21
2026-03-11 04:15:00+00:00,196.82,197.45,196.82,197.45,205.16
2026-03-11 04:30:00+00:00,197.45,197.65,197.26,197.45,70.18
2026-03-11 04:45:00+00:00,197.45,197.95,197.45,197.65,84.19
2026-03-11 05:00:00+00:00,197.65,197.65,197.06,197.06,136.63
2026-03-11 05:15:00+00:00,197.06,197.18,196.85,197.14,30.0
2026-03-11 05:30:00+00:00,197.14,197.14,196.38,196.38,259.69
2026-03-11 05:45:00+00:00,196.38,196.74,196.34,196.35,36.32
2026-03-11 06:00:00+00:00,196.35,196.95,196.21,196.88,466.66
2026-03-11 06:15:00+00:00,196.88,197.11,196.85,196.98,144.24
2026-03-11 06:30:00+00:00,196.98,197.23,196.92,197.23,103.18
2026-03-11 06:45:00+00:00,197.23,197.23,196.97,197.08,264.01
2026-03-11 07:00:00+00:00,197.08,197.18,196.89,196.89,48.98
2026-03-11 07:15:00+00:00,196.89,196.92,196.6,196.6,41.56
2026-03-11 07:30:00+00:00,196.6,196.6,195.91,195.91,67.83
2026-03-11 07:45:00+00:00,195.91,196.61,195.91,196.35,138.59
2026-03-11 08:00:00+00:00,196.35,196.66,196.16,196.16,361.4
2026-03-11 08:15:00+00:00,196.16,196.36,196.0,196.12,146.82
2026-03-11 08:30:00+00:00,196.12,196.47,195.93,196.35,260.2
2026-03-11 08:45:00+00:00,196.35,196.35,195.57,195.99,525.23
2026-03-11 09:00:00+00:00,195.99,195.99,195.22,195.47,54.27
2026-03-11 09:15:00+00:00,195.47,196.17,195.47,195.72,77.58
2026-03-11 09:30:00+00:00,195.72,195.72,194.92,195.16,101.32
2026-03-11 09:45:00+00:00,195.16,195.87,194.82,194.82,174.91
2026-03-11 10:00:00+00:00,194.82,195.32,194.68,195.26,77.9
2026-03-11 10:15:00+00:00,195.26,195.69,194.94,195.28,225.95
2026-03-11 10:30:00+00:00,195.28,196.16,195.08,196.01,399.98
2026-03-11 10:45:00+00:00,196.01,196.05,195.35,195.53,591.63
2026-03-11 11:00:00+00:00,195.53,195.74,195.34,195.42,721.24
2026-03-11 11:15:00+00:00,195.42,195.43,194.53,194.97,187.8
2026-03-11 11:30:00+00:00,194.97,195.76,194.74,195.02,518.78
2026-03-11 11:45:00+00:00,195.02,195.2,194.41,194.41,1131.55
2026-03-11 12:00:00+00:00,194.41,194.77,194.23,194.66,621.57
2026-03-11 12:15:00+00:00,194.66,195.37,194.65,195.31,381.97
2026-03-11 12:30:00+00:00,195.31,196.19,194.37,194.54,2071.89
2026-03-11 12:45:00+00:00,194.54,194.65,194.24,194.61,366.43
2026-03-11 13:00:00+00:00,194.61,195.83,194.48,195.7,1105.48
2026-03-11 13:15:00+00:00,195.7,197.41,195.52,197.14,2306.01
2026-03-11 13:30:00+00:00,197.14,202.95,197.14,199.47,9797.4
2026-03-11 13:45:00+00:00,199.47,199.73,195.94,196.7,8348.38
2026-03-11 14:00:00+00:00,196.7,198.14,194.79,196.17,6118.43
2026-03-11 14:15:00+00:00,196.17,197.76,194.32,195.52,4884.47
2026-03-11 14:30:00+00:00,195.52,198.25,194.97,197.64,5914.95
2026-03-11 14:45:00+00:00,197.64,197.64,196.17,196.56,4288.75
2026-03-11 15:00:00+00:00,196.56,197.15,194.78,195.18,3809.3
2026-03-11 15:15:00+00:00,195.18,196.23,194.42,194.45,3859.87
2026-03-11 15:30:00+00:00,194.45,194.45,192.58,193.17,3115.37
2026-03-11 15:45:00+00:00,193.17,195.16,192.58,194.81,2849.3
2026-03-11 16:00:00+00:00,194.81,195.35,193.92,194.79,3990.19
2026-03-11 16:15:00+00:00,194.79,195.93,193.89,195.89,3181.3
2026-03-11 16:30:00+00:00,195.89,197.0,195.68,196.43,3922.66
2026-03-11 16:45:00+00:00,196.43,197.39,195.81,196.45,2790.06
2026-03-11 17:00:00+00:00,196.45,197.97,196.26,197.66,2313.49
2026-03-11 17:15:00+00:00,197.66,198.68,196.9,198.57,3041.89
2026-03-11 17:30:00+00:00,198.57,198.67,196.19,197.63,4275.56
2026-03-11 17:45:00+00:00,197.63,197.67,196.11,196.56,4928.55
2026-03-11 18:00:00+00:00,196.56,197.14,195.69,196.59,3337.58
2026-03-11 18:15:00+00:00,196.59,198.01,196.51,197.66,3523.59
2026-03-11 18:30:00+00:00,197.66,198.26,197.28,197.8,2772.32
2026-03-11 18:45:00+00:00,197.8,198.78,197.51,198.23,1439.02
2026-03-11 19:00:00+00:00,198.23,198.44,197.03,197.29,2100.16
2026-03-11 19:15:00+00:00,197.29,197.78,196.63,197.13,2217.78
2026-03-11 19:30:00+00:00,197.13,198.38,197.13,197.85,843.54
2026-03-11 19:45:00+00:00,197.85,198.95,197.75,198.76,355.7
2026-03-11 20:00:00+00:00,198.76,198.76,198.21,198.32,181.22
2026-03-11 20:15:00+00:00,198.32,198.42,198.14,198.14,24.63
2026-03-11 20:30:00+00:00,198.14,198.43,198.14,198.26,41.77
2026-03-11 20:45:00+00:00,198.26,198.33,198.1,198.24,28.29
2026-03-11 21:00:00+00:00,198.24,198.45,198.0,198.0,32.68
2026-03-11 21:15:00+00:00,198.0,198.23,197.96,198.21,75.72
2026-03-11 21:30:00+00:00,198.21,198.46,198.21,198.46,75.8
2026-03-11 21:45:00+00:00,198.46,198.49,198.23,198.49,47.98
2026-03-11 22:00:00+00:00,198.49,198.51,198.13,198.24,77.76
2026-03-11 22:15:00+00:00,198.24,198.24,197.22,197.33,271.03
2026-03-11 22:30:00+00:00,197.33,197.38,196.32,196.43,351.83
2026-03-11 22:45:00+00:00,196.43,197.03,196.43,196.68,389.84
2026-03-11 23:00:00+00:00,196.68,196.98,196.31,196.32,267.64
2026-03-11 23:15:00+00:00,196.32,196.49,196.15,196.34,107.06
2026-03-11 23:30:00+00:00,196.34,196.38,195.94,195.95,115.97
2026-03-11 23:45:00+00:00,195.95,196.34,195.71,196.0,686.87
2026-03-12 00:00:00+00:00,196.0,196.35,195.91,196.24,245.46
2026-03-12 00:15:00+00:00,196.24,196.45,196.16,196.31,146.07
2026-03-12 00:30:00+00:00,196.31,196.38,196.16,196.21,66.1
2026-03-12 00:45:00+00:00,196.21,196.48,196.21,196.36,96.7
2026-03-12 01:00:00+00:00,196.36,196.36,195.22,195.24,451.83
2026-03-12 01:15:00+00:00,195.24,195.79,195.23,195.68,162.85
2026-03-12 01:30:00+00:00,195.68,196.02,195.41,195.96,214.88
2026-03-12 01:45:00+00:00,195.96,196.03,195.26,195.34,205.72
2026-03-12 02:00:00+00:00,195.34,195.35,195.16,195.16,32.23
2026-03-12 02:15:00+00:00,195.16,195.16,194.26,194.61,211.82
2026-03-12 02:30:00+00:00,194.61,194.61,193.98,194.26,105.9
2026-03-12 02:45:00+00:00,194.26,194.51,193.73,193.88,76.28
2026-03-12 03:00:00+00:00,193.88,194.35,193.87,194.11,88.97
2026-03-12 03:15:00+00:00,194.11,194.59,194.11,194.5,129.13
2026-03-12 03:30:00+00:00,194.5,194.76,194.5,194.72,44.1
2026-03-12 03:45:00+00:00,194.72,194.72,194.01,194.46,112.59
